Action,SKU,Product,Variation,Category,Location,Unit Selling Price,Current stock,Current Stock Value (By purchase price),Current Stock Value (By sale price),Potential profit,Total unit sold,Total Unit Transfered,Total Unit Adjusted,Custom Field1,Custom Field2,Custom Field3,Custom Field4
Product stock history,120329,MTN 5G HYNET FLEX,,ACCESSORIES,OWERRI 2 CONNECT / LITE,"₦ 80,000.000 View group prices",1.0 UNIT(S),"₦ 73,599.995","₦ 80,000.000","₦ 6,400.005",108.0 UNIT(S),1.0 UNIT(S),0.0 UNIT(S),,,,
Product stock history,120329,MTN 5G HYNET FLEX,,ACCESSORIES,ALAKAHIA CONNECT / LITE,"₦ 80,000.000 View group prices",0.0 UNIT(S),"₦ 1,692,799.544",₦ 0.000,"₦ -1,692,799.544",189.0 UNIT(S),7.0 UNIT(S),0.0 UNIT(S),,,,
Product stock history,120329,MTN 5G HYNET FLEX,,ACCESSORIES,ALVAN 2 CONNECT POINT,"₦ 80,000.000 View group prices",0.0 UNIT(S),₦ 0.000,₦ 0.000,₦ 0.000,1.0 UNIT(S),0.0 UNIT(S),0.0 UNIT(S),,,,
Product stock history,120329,MTN 5G HYNET FLEX,,ACCESSORIES,HEAD OFFICE,"₦ 80,000.000 View group prices",0.0 UNIT(S),₦ 0.000,₦ 0.000,₦ 0.000,0.0 UNIT(S),18.0 UNIT(S),0.0 UNIT(S),,,,
Product stock history,120329,MTN 5G HYNET FLEX,,ACCESSORIES,ASABA INPLANT,"₦ 80,000.000 View group prices",0.0 UNIT(S),₦ 0.000,₦ 0.000,₦ 0.000,14.0 UNIT(S),0.0 UNIT(S),0.0 UNIT(S),,,,
Product stock history,120329,MTN 5G HYNET FLEX,,ACCESSORIES,ONITSHA 2 CONNECT LITE,"₦ 80,000.000 View group prices",0.0 UNIT(S),₦ 0.000,₦ 0.000,₦ 0.000,34.0 UNIT(S),14.0 UNIT(S),0.0 UNIT(S),,,,
Product stock history,120329,MTN 5G HYNET FLEX,,ACCESSORIES,AWKA CONNECT / LITE,"₦ 80,000.000 View group prices",0.0 UNIT(S),₦ 0.000,₦ 0.000,₦ 0.000,26.0 UNIT(S),0.0 UNIT(S),0.0 UNIT(S),,,,
Product stock history,120329,MTN 5G HYNET FLEX,,ACCESSORIES,OKIGWE HUB,"₦ 80,000.000 View group prices",0.0 UNIT(S),₦ 0.000,₦ 0.000,₦ 0.000,4.0 UNIT(S),6.0 UNIT(S),0.0 UNIT(S),,,,
Product stock history,120329,MTN 5G HYNET FLEX,,ACCESSORIES,EBU AWKA,"₦ 80,000.000 View group prices",5.0 UNIT(S),"₦ 367,999.980","₦ 400,000.000","₦ 32,000.020",24.0 UNIT(S),0.0 UNIT(S),0.0 UNIT(S),,,,
Product stock history,120329,MTN 5G HYNET FLEX,,ACCESSORIES,AIRPORT CONNECT POINT,"₦ 80,000.000 View group prices",0.0 UNIT(S),₦ 0.000,₦ 0.000,₦ 0.000,8.0 UNIT(S),1.0 UNIT(S),0.0 UNIT(S),,,,
Product stock history,120329,MTN 5G HYNET FLEX,,ACCESSORIES,IMSU CONNECT POINT,"₦ 80,000.000 View group prices",0.0 UNIT(S),₦ 0.000,₦ 0.000,₦ 0.000,1.0 UNIT(S),0.0 UNIT(S),0.0 UNIT(S),,,,
Product stock history,120330,INFINIX HOT 10 LTE,,PHONES,,₦ 0.000 View group prices,0.0 UNIT(S),₦ 0.000,₦ 0.000,₦ 0.000,0.0 UNIT(S),0.0 UNIT(S),0.0 UNIT(S),,,,
Product stock history,120331,INFINIX HOT 10 PLAY 64GB/4G,,PHONES,,₦ 0.000 View group prices,0.0 UNIT(S),₦ 0.000,₦ 0.000,₦ 0.000,0.0 UNIT(S),0.0 UNIT(S),0.0 UNIT(S),,,,
Product stock history,120332,INFINIX HOT 12i (2/64),,PHONES,OWERRI 2 CONNECT / LITE,₦ 0.000 View group prices,0.0 UNIT(S),₦ 0.000,₦ 0.000,₦ 0.000,1.0 UNIT(S),0.0 UNIT(S),0.0 UNIT(S),,,,
Product stock history,120333,INFINIX HOT 20i (4/64),,PHONES,,₦ 0.000 View group prices,0.0 UNIT(S),₦ 0.000,₦ 0.000,₦ 0.000,0.0 UNIT(S),0.0 UNIT(S),0.0 UNIT(S),,,,
Product stock history,120334,INFINIX HOT 30I (4/128GB),,PHONES,OWERRI 2 CONNECT / LITE,"₦ 102,000.000 View group prices",0.0 UNIT(S),₦ 0.000,₦ 0.000,₦ 0.000,2.0 UNIT(S),0.0 UNIT(S),0.0 UNIT(S),,,,
Product stock history,120335,INFINIX HOT 11 PLAY 64/4,,PHONES,,₦ 0.000 View group prices,0.0 UNIT(S),₦ 0.000,₦ 0.000,₦ 0.000,0.0 UNIT(S),0.0 UNIT(S),0.0 UNIT(S),,,,
Product stock history,120336,INFINIX NOTE 12i,,PHONES,,₦ 0.000 View group prices,0.0 UNIT(S),₦ 0.000,₦ 0.000,₦ 0.000,0.0 UNIT(S),0.0 UNIT(S),0.0 UNIT(S),,,,
Product stock history,120337,INFINIX NOTE 11 128/4,,PHONES,,₦ 0.000 View group prices,0.0 UNIT(S),₦ 0.000,₦ 0.000,₦ 0.000,0.0 UNIT(S),0.0 UNIT(S),0.0 UNIT(S),,,,
Product stock history,120338,INFINIX SMART 6 4G 32/2,,PHONES,,₦ 0.000 View group prices,0.0 UNIT(S),₦ 0.000,₦ 0.000,₦ 0.000,0.0 UNIT(S),0.0 UNIT(S),0.0 UNIT(S),,,,
Product stock history,120339,INFINIX SMART 7 PLUS,,PHONES,AWKA CONNECT / LITE,₦ 0.000 View group prices,0.0 UNIT(S),₦ 0.000,₦ 0.000,₦ 0.000,1.0 UNIT(S),0.0 UNIT(S),0.0 UNIT(S),,,,
Product stock history,120340,ITEL 2060,,PHONES,,₦ 0.000 View group prices,0.0 UNIT(S),₦ 0.000,₦ 0.000,₦ 0.000,0.0 UNIT(S),0.0 UNIT(S),0.0 UNIT(S),,,,
Product stock history,120341,ITEL 2090,,PHONES,,₦ 0.000 View group prices,0.0 UNIT(S),₦ 0.000,₦ 0.000,₦ 0.000,0.0 UNIT(S),0.0 UNIT(S),0.0 UNIT(S),,,,
Product stock history,120342,ITEL 2150,,PHONES,,₦ 0.000 View group prices,0.0 UNIT(S),₦ 0.000,₦ 0.000,₦ 0.000,0.0 UNIT(S),0.0 UNIT(S),0.0 UNIT(S),,,,
Product stock history,120343,ITEL 2160,,PHONES,ULAKWO CONNECT POINT,"₦ 15,000.000 View group prices",0.0 UNIT(S),₦ 0.000,₦ 0.000,₦ 0.000,1.0 UNIT(S),0.0 UNIT(S),0.0 UNIT(S),,,,
Product stock history,120343,ITEL 2160,,PHONES,UNIZIK 1,"₦ 15,000.000 View group prices",0.0 UNIT(S),₦ 0.000,₦ 0.000,₦ 0.000,5.0 UNIT(S),0.0 UNIT(S),0.0 UNIT(S),,,,
Product stock history,120343,ITEL 2160,,PHONES,UNIZIK 2,"₦ 15,000.000 View group prices",0.0 UNIT(S),₦ 0.000,₦ 0.000,₦ 0.000,1.0 UNIT(S),0.0 UNIT(S),0.0 UNIT(S),,,,
Product stock history,120343,ITEL 2160,,PHONES,IMSU CONNECT POINT,"₦ 15,000.000 View group prices",0.0 UNIT(S),₦ 0.000,₦ 0.000,₦ 0.000,4.0 UNIT(S),0.0 UNIT(S),0.0 UNIT(S),,,,
Product stock history,120343,ITEL 2160,,PHONES,IMT CONNECT LITE,"₦ 15,000.000 View group prices",0.0 UNIT(S),₦ 0.000,₦ 0.000,₦ 0.000,5.0 UNIT(S),0.0 UNIT(S),0.0 UNIT(S),,,,
Product stock history,120343,ITEL 2160,,PHONES,ESUT CONNECT POINT,"₦ 15,000.000 View group prices",2.0 UNIT(S),"₦ 12,600.000","₦ 30,000.000","₦ 17,400.000",2.0 UNIT(S),0.0 UNIT(S),0.0 UNIT(S),,,,
Product stock history,120343,ITEL 2160,,PHONES,OKIGWE HUB,"₦ 15,000.000 View group prices",0.0 UNIT(S),₦ 0.000,₦ 0.000,₦ 0.000,11.0 UNIT(S),0.0 UNIT(S),0.0 UNIT(S),,,,
Product stock history,120343,ITEL 2160,,PHONES,OWERRI 2 CONNECT / LITE,"₦ 15,000.000 View group prices",8.0 UNIT(S),"₦ 110,400.000","₦ 120,000.000","₦ 9,600.000",121.0 UNIT(S),0.0 UNIT(S),0.0 UNIT(S),,,,
Product stock history,120343,ITEL 2160,,PHONES,AIRPORT CONNECT POINT,"₦ 15,000.000 View group prices",0.0 UNIT(S),₦ 0.000,₦ 0.000,₦ 0.000,9.0 UNIT(S),0.0 UNIT(S),0.0 UNIT(S),,,,
Product stock history,120343,ITEL 2160,,PHONES,AWKA CONNECT / LITE,"₦ 15,000.000 View group prices",0.0 UNIT(S),₦ 0.000,₦ 0.000,₦ 0.000,71.0 UNIT(S),25.0 UNIT(S),0.0 UNIT(S),,,,
Product stock history,120343,ITEL 2160,,PHONES,ALAKAHIA CONNECT / LITE,"₦ 15,000.000 View group prices",0.0 UNIT(S),₦ 0.000,₦ 0.000,₦ 0.000,1.0 UNIT(S),0.0 UNIT(S),0.0 UNIT(S),,,,
Product stock history,120343,ITEL 2160,,PHONES,ELELE CONNECT POINT,"₦ 15,000.000 View group prices",0.0 UNIT(S),₦ 0.000,₦ 0.000,₦ 0.000,1.0 UNIT(S),0.0 UNIT(S),0.0 UNIT(S),,,,
Product stock history,120344,itel 2163,,PHONES,AWKA CONNECT / LITE,"₦ 13,000.000 View group prices",0.0 UNIT(S),₦ 0.000,₦ 0.000,₦ 0.000,70.0 UNIT(S),16.0 UNIT(S),0.0 UNIT(S),,,,
Product stock history,120344,itel 2163,,PHONES,ALAKAHIA CONNECT / LITE,"₦ 13,000.000 View group prices",0.0 UNIT(S),₦ 0.000,₦ 0.000,₦ 0.000,4.0 UNIT(S),0.0 UNIT(S),0.0 UNIT(S),,,,
Product stock history,120344,itel 2163,,PHONES,OWERRI 2 CONNECT / LITE,"₦ 13,000.000 View group prices",10.0 UNIT(S),"₦ 119,000.000","₦ 130,000.000","₦ 11,000.000",45.0 UNIT(S),5.0 UNIT(S),0.0 UNIT(S),,,,
Product stock history,120344,itel 2163,,PHONES,IMT CONNECT LITE,"₦ 13,000.000 View group prices",0.0 UNIT(S),₦ 0.000,₦ 0.000,₦ 0.000,5.0 UNIT(S),0.0 UNIT(S),0.0 UNIT(S),,,,
Product stock history,120344,itel 2163,,PHONES,IMSU CONNECT POINT,"₦ 13,000.000 View group prices",0.0 UNIT(S),₦ 0.000,₦ 0.000,₦ 0.000,6.0 UNIT(S),0.0 UNIT(S),0.0 UNIT(S),,,,
Product stock history,120344,itel 2163,,PHONES,UNIZIK 2,"₦ 13,000.000 View group prices",0.0 UNIT(S),₦ 0.000,₦ 0.000,₦ 0.000,1.0 UNIT(S),0.0 UNIT(S),0.0 UNIT(S),,,,
Product stock history,120344,itel 2163,,PHONES,OKIGWE HUB,"₦ 13,000.000 View group prices",0.0 UNIT(S),₦ 0.000,₦ 0.000,₦ 0.000,11.0 UNIT(S),0.0 UNIT(S),0.0 UNIT(S),,,,
Product stock history,120344,itel 2163,,PHONES,AIRPORT CONNECT POINT,"₦ 13,000.000 View group prices",1.0 UNIT(S),"₦ 12,500.000","₦ 13,000.000",₦ 500.000,47.0 UNIT(S),4.0 UNIT(S),0.0 UNIT(S),,,,
Product stock history,120345,ITEL 2171,,PHONES,ESUT CONNECT POINT,"₦ 9,000.000 View group prices",0.0 UNIT(S),₦ 0.000,₦ 0.000,₦ 0.000,0.0 UNIT(S),0.0 UNIT(S),0.0 UNIT(S),,,,
Product stock history,120346,ITEL 2173,,PHONES,OWERRI 2 CONNECT / LITE,"₦ 8,200.000 View group prices",0.0 UNIT(S),₦ 0.000,₦ 0.000,₦ 0.000,25.0 UNIT(S),0.0 UNIT(S),0.0 UNIT(S),,,,
Product stock history,120346,ITEL 2173,,PHONES,ESUT CONNECT POINT,"₦ 8,200.000 View group prices",2.0 UNIT(S),"₦ 15,600.000","₦ 16,400.000",₦ 800.000,0.0 UNIT(S),0.0 UNIT(S),0.0 UNIT(S),,,,
Product stock history,120346,ITEL 2173,,PHONES,UNIZIK 2,"₦ 8,200.000 View group prices",0.0 UNIT(S),₦ 0.000,₦ 0.000,₦ 0.000,1.0 UNIT(S),0.0 UNIT(S),0.0 UNIT(S),,,,
Product stock history,120346,ITEL 2173,,PHONES,IMT CONNECT LITE,"₦ 8,200.000 View group prices",0.0 UNIT(S),₦ 0.000,₦ 0.000,₦ 0.000,2.0 UNIT(S),0.0 UNIT(S),0.0 UNIT(S),,,,
Product stock history,120346,ITEL 2173,,PHONES,IMSU CONNECT POINT,"₦ 8,200.000 View group prices",0.0 UNIT(S),₦ 0.000,₦ 0.000,₦ 0.000,1.0 UNIT(S),0.0 UNIT(S),0.0 UNIT(S),,,,
Product stock history,120346,ITEL 2173,,PHONES,AWKA CONNECT / LITE,"₦ 8,200.000 View group prices",0.0 UNIT(S),₦ 0.000,₦ 0.000,₦ 0.000,16.0 UNIT(S),4.0 UNIT(S),0.0 UNIT(S),,,,
Product stock history,120346,ITEL 2173,,PHONES,ELELE CONNECT POINT,"₦ 8,200.000 View group prices",0.0 UNIT(S),₦ 0.000,₦ 0.000,₦ 0.000,1.0 UNIT(S),0.0 UNIT(S),0.0 UNIT(S),,,,
Product stock history,120346,ITEL 2173,,PHONES,OKIGWE HUB,"₦ 8,200.000 View group prices",0.0 UNIT(S),₦ 0.000,₦ 0.000,₦ 0.000,2.0 UNIT(S),0.0 UNIT(S),0.0 UNIT(S),,,,
Product stock history,120347,ITEL 2180,,PHONES,,₦ 0.000 View group prices,0.0 UNIT(S),₦ 0.000,₦ 0.000,₦ 0.000,0.0 UNIT(S),0.0 UNIT(S),0.0 UNIT(S),,,,
Product stock history,120348,ITEL 2190,,PHONES,,₦ 0.000 View group prices,0.0 UNIT(S),₦ 0.000,₦ 0.000,₦ 0.000,0.0 UNIT(S),0.0 UNIT(S),0.0 UNIT(S),,,,
Product stock history,120349,ITEL 5020,,PHONES,,₦ 0.000 View group prices,0.0 UNIT(S),₦ 0.000,₦ 0.000,₦ 0.000,0.0 UNIT(S),0.0 UNIT(S),0.0 UNIT(S),,,,
Product stock history,120350,ITEL 5606,,PHONES,OWERRI 2 CONNECT / LITE,"₦ 18,000.000 View group prices",1.0 UNIT(S),"₦ 17,500.000","₦ 18,000.000",₦ 500.000,34.0 UNIT(S),2.0 UNIT(S),0.0 UNIT(S),,,,
Product stock history,120350,ITEL 5606,,PHONES,AWKA CONNECT / LITE,"₦ 18,000.000 View group prices",7.0 UNIT(S),"₦ 114,800.000","₦ 126,000.000","₦ 11,200.000",23.0 UNIT(S),3.0 UNIT(S),0.0 UNIT(S),,,,
Product stock history,120350,ITEL 5606,,PHONES,UNIZIK 1,"₦ 18,000.000 View group prices",0.0 UNIT(S),₦ 0.000,₦ 0.000,₦ 0.000,1.0 UNIT(S),0.0 UNIT(S),0.0 UNIT(S),,,,
Product stock history,120350,ITEL 5606,,PHONES,OKIGWE HUB,"₦ 18,000.000 View group prices",3.0 UNIT(S),"₦ 49,600.000","₦ 54,000.000","₦ 4,400.000",1.0 UNIT(S),0.0 UNIT(S),0.0 UNIT(S),,,,
Product stock history,120351,ITEL 5610,,PHONES,,₦ 0.000 View group prices,0.0 UNIT(S),₦ 0.000,₦ 0.000,₦ 0.000,0.0 UNIT(S),0.0 UNIT(S),0.0 UNIT(S),,,,
Product stock history,120352,ITEL 5615,,PHONES,OWERRI 2 CONNECT / LITE,₦ 0.000 View group prices,0.0 UNIT(S),₦ 0.000,₦ 0.000,₦ 0.000,5.0 UNIT(S),0.0 UNIT(S),0.0 UNIT(S),,,,
Product stock history,120352,ITEL 5615,,PHONES,AWKA CONNECT / LITE,₦ 0.000 View group prices,0.0 UNIT(S),₦ 0.000,₦ 0.000,₦ 0.000,10.0 UNIT(S),0.0 UNIT(S),0.0 UNIT(S),,,,
Product stock history,120353,ITEL A16 PLUS,,PHONES,,₦ 0.000 View group prices,0.0 UNIT(S),₦ 0.000,₦ 0.000,₦ 0.000,0.0 UNIT(S),0.0 UNIT(S),0.0 UNIT(S),,,,
Product stock history,120354,ITEL A23,,PHONES,,₦ 0.000 View group prices,0.0 UNIT(S),₦ 0.000,₦ 0.000,₦ 0.000,0.0 UNIT(S),0.0 UNIT(S),0.0 UNIT(S),,,,
Product stock history,120355,ITEL P38 32/2,,PHONES,,₦ 0.000 View group prices,0.0 UNIT(S),₦ 0.000,₦ 0.000,₦ 0.000,0.0 UNIT(S),0.0 UNIT(S),0.0 UNIT(S),,,,
Product stock history,120363,NOKIA 110,,PHONES,ALAKAHIA CONNECT / LITE,"₦ 11,400.000 View group prices",0.0 UNIT(S),₦ 0.000,₦ 0.000,₦ 0.000,1.0 UNIT(S),0.0 UNIT(S),0.0 UNIT(S),,,,
Product stock history,120364,NOKIA 105 DS,,PHONES,AIRPORT CONNECT POINT,"₦ 16,000.000 View group prices",0.0 UNIT(S),₦ 0.000,₦ 0.000,₦ 0.000,37.0 UNIT(S),10.0 UNIT(S),0.0 UNIT(S),,,,
Product stock history,120364,NOKIA 105 DS,,PHONES,OWERRI 2 CONNECT / LITE,"₦ 16,000.000 View group prices",0.0 UNIT(S),₦ 0.000,₦ 0.000,₦ 0.000,15.0 UNIT(S),0.0 UNIT(S),0.0 UNIT(S),,,,
Product stock history,120364,NOKIA 105 DS,,PHONES,AWKA CONNECT / LITE,"₦ 16,000.000 View group prices",0.0 UNIT(S),₦ 0.000,₦ 0.000,₦ 0.000,10.0 UNIT(S),0.0 UNIT(S),0.0 UNIT(S),,,,
Product stock history,120364,NOKIA 105 DS,,PHONES,ALAKAHIA CONNECT / LITE,"₦ 16,000.000 View group prices",0.0 UNIT(S),₦ 0.000,₦ 0.000,₦ 0.000,10.0 UNIT(S),0.0 UNIT(S),0.0 UNIT(S),,,,
Product stock history,120365,Nokia1 Adroid,,PHONES,,₦ 0.000 View group prices,0.0 UNIT(S),₦ 0.000,₦ 0.000,₦ 0.000,0.0 UNIT(S),0.0 UNIT(S),0.0 UNIT(S),,,,
Product stock history,120366,PPSK,,SIM CARDS,ULI CONNECT POINT,₦ 700.000 View group prices,0.0 UNIT(S),₦ 0.000,₦ 0.000,₦ 0.000,94.0 UNIT(S),0.0 UNIT(S),0.0 UNIT(S),,,,
Product stock history,120366,PPSK,,SIM CARDS,STATE SEC CONNECT POINT,₦ 700.000 View group prices,1.0 UNIT(S),₦ 187.500,₦ 700.000,₦ 512.500,159.0 UNIT(S),0.0 UNIT(S),0.0 UNIT(S),,,,
Product stock history,120366,PPSK,,SIM CARDS,OANDO CONNECT POINT,₦ 700.000 View group prices,0.0 UNIT(S),₦ 0.000,₦ 0.000,₦ 0.000,11.0 UNIT(S),0.0 UNIT(S),0.0 UNIT(S),,,,
Product stock history,120366,PPSK,,SIM CARDS,MBAITOLI CONNECT POINT,₦ 700.000 View group prices,0.0 UNIT(S),₦ 0.000,₦ 0.000,₦ 0.000,10.0 UNIT(S),0.0 UNIT(S),0.0 UNIT(S),,,,
Product stock history,120366,PPSK,,SIM CARDS,IGBARIAM CONNECT POINT,₦ 700.000 View group prices,0.0 UNIT(S),₦ 0.000,₦ 0.000,₦ 0.000,125.0 UNIT(S),0.0 UNIT(S),0.0 UNIT(S),,,,
Product stock history,120366,PPSK,,SIM CARDS,NEKEDE CONNECT LITE,₦ 700.000 View group prices,0.0 UNIT(S),₦ 0.000,₦ 0.000,₦ 0.000,182.0 UNIT(S),0.0 UNIT(S),0.0 UNIT(S),,,,
Product stock history,120366,PPSK,,SIM CARDS,ULAKWO CONNECT POINT,₦ 700.000 View group prices,0.0 UNIT(S),₦ 0.000,₦ 0.000,₦ 0.000,12.0 UNIT(S),0.0 UNIT(S),0.0 UNIT(S),,,,
Product stock history,120366,PPSK,,SIM CARDS,ELELE CONNECT POINT,₦ 700.000 View group prices,0.0 UNIT(S),₦ 0.000,₦ 0.000,₦ 0.000,38.0 UNIT(S),0.0 UNIT(S),0.0 UNIT(S),,,,
Product stock history,120366,PPSK,,SIM CARDS,UMUAGWO CONNECT POINT,₦ 700.000 View group prices,0.0 UNIT(S),₦ 0.000,₦ 0.000,₦ 0.000,7.0 UNIT(S),0.0 UNIT(S),0.0 UNIT(S),,,,
Product stock history,120366,PPSK,,SIM CARDS,ONITSHA 2 CONNECT LITE,₦ 700.000 View group prices,0.0 UNIT(S),₦ 0.000,₦ 0.000,₦ 0.000,71.0 UNIT(S),0.0 UNIT(S),0.0 UNIT(S),,,,
Product stock history,120367,PPWB,,SIM CARDS,ALVAN 1 CONNECT POINT,₦ 700.000 View group prices,443.0 UNIT(S),"₦ 265,799.271","₦ 310,100.000","₦ 44,300.729",976.0 UNIT(S),205.0 UNIT(S),0.0 UNIT(S),,,,
Product stock history,120367,PPWB,,SIM CARDS,ALAKAHIA CONNECT / LITE,₦ 700.000 View group prices,"1,428.0 UNIT(S)","₦ 2,087,563.758","₦ 999,600.000","₦ -1,087,963.758","15,078.0 UNIT(S)","5,350.0 UNIT(S)",0.0 UNIT(S),,,,
Product stock history,120367,PPWB,,SIM CARDS,AWKA CONNECT / LITE,₦ 700.000 View group prices,"2,071.0 UNIT(S)","₦ 1,242,593.787","₦ 1,449,700.000","₦ 207,106.213","25,068.0 UNIT(S)","12,580.0 UNIT(S)",0.0 UNIT(S),,,,
Product stock history,120367,PPWB,,SIM CARDS,ONITSHA 2 CONNECT LITE,₦ 700.000 View group prices,"2,678.0 UNIT(S)","₦ 1,616,991.915","₦ 1,874,600.000","₦ 257,608.085","12,454.0 UNIT(S)","23,645.0 UNIT(S)",0.0 UNIT(S),,,,
Product stock history,120367,PPWB,,SIM CARDS,AIRPORT CONNECT POINT,₦ 700.000 View group prices,343.0 UNIT(S),"₦ 205,798.971","₦ 240,100.000","₦ 34,301.029","4,496.0 UNIT(S)","5,200.0 UNIT(S)",0.0 UNIT(S),,,,
Product stock history,120367,PPWB,,SIM CARDS,OWERRI 2 CONNECT / LITE,₦ 700.000 View group prices,386.0 UNIT(S),"₦ 231,598.842","₦ 270,200.000","₦ 38,601.158","22,801.0 UNIT(S)","3,150.0 UNIT(S)",0.0 UNIT(S),,,,
Product stock history,120367,PPWB,,SIM CARDS,OKIGWE HUB,₦ 700.000 View group prices,392.0 UNIT(S),"₦ 235,200.000","₦ 274,400.000","₦ 39,200.000","5,071.0 UNIT(S)",400.0 UNIT(S),34.0 UNIT(S),,,,
Product stock history,120367,PPWB,,SIM CARDS,IGWURUTA CONNECT POINT,₦ 700.000 View group prices,595.0 UNIT(S),"₦ 358,798.650","₦ 416,500.000","₦ 57,701.350","2,942.0 UNIT(S)",163.0 UNIT(S),0.0 UNIT(S),,,,
Product stock history,120367,PPWB,,SIM CARDS,ELELE CONNECT POINT,₦ 700.000 View group prices,57.0 UNIT(S),"₦ 34,199.829","₦ 39,900.000","₦ 5,700.171","1,787.0 UNIT(S)",0.0 UNIT(S),0.0 UNIT(S),,,,
Product stock history,120367,PPWB,,SIM CARDS,ULAKWO CONNECT POINT,₦ 700.000 View group prices,90.0 UNIT(S),"₦ 54,000.000","₦ 63,000.000","₦ 9,000.000",686.0 UNIT(S),0.0 UNIT(S),12.0 UNIT(S),,,,
Product stock history,120367,PPWB,,SIM CARDS,ESUT CONNECT POINT,₦ 700.000 View group prices,33.0 UNIT(S),"₦ 19,800.000","₦ 23,100.000","₦ 3,300.000",141.0 UNIT(S),0.0 UNIT(S),0.0 UNIT(S),,,,
Product stock history,120367,PPWB,,SIM CARDS,UNIZIK 2,₦ 700.000 View group prices,52.0 UNIT(S),"₦ 31,199.844","₦ 36,400.000","₦ 5,200.156","2,927.0 UNIT(S)",31.0 UNIT(S),0.0 UNIT(S),,,,
Product stock history,120367,PPWB,,SIM CARDS,UNIZIK 1,₦ 700.000 View group prices,67.0 UNIT(S),"₦ 40,199.799","₦ 46,900.000","₦ 6,700.201","1,974.0 UNIT(S)",0.0 UNIT(S),0.0 UNIT(S),,,,
Product stock history,120367,PPWB,,SIM CARDS,UMUAGWO CONNECT POINT,₦ 700.000 View group prices,168.0 UNIT(S),"₦ 90,999.624","₦ 117,600.000","₦ 26,600.376",57.0 UNIT(S),150.0 UNIT(S),0.0 UNIT(S),,,,
Product stock history,120367,PPWB,,SIM CARDS,STATE SEC CONNECT POINT,₦ 700.000 View group prices,207.0 UNIT(S),"₦ 124,199.400","₦ 144,900.000","₦ 20,700.600",463.0 UNIT(S),130.0 UNIT(S),0.0 UNIT(S),,,,
Product stock history,120367,PPWB,,SIM CARDS,NEKEDE CONNECT LITE,₦ 700.000 View group prices,231.0 UNIT(S),"₦ 138,599.307","₦ 161,700.000","₦ 23,100.693","3,114.0 UNIT(S)",245.0 UNIT(S),0.0 UNIT(S),,,,
Product stock history,120367,PPWB,,SIM CARDS,IGBARIAM CONNECT POINT,₦ 700.000 View group prices,311.0 UNIT(S),"₦ 186,599.400","₦ 217,700.000","₦ 31,100.600","1,239.0 UNIT(S)",0.0 UNIT(S),0.0 UNIT(S),,,,
Product stock history,120367,PPWB,,SIM CARDS,IMSU CONNECT POINT,₦ 700.000 View group prices,279.0 UNIT(S),"₦ 167,399.163","₦ 195,300.000","₦ 27,900.837","1,936.0 UNIT(S)",155.0 UNIT(S),0.0 UNIT(S),,,,
Product stock history,120367,PPWB,,SIM CARDS,ALVAN 2 CONNECT POINT,₦ 700.000 View group prices,31.0 UNIT(S),"₦ 18,599.907","₦ 21,700.000","₦ 3,100.093",699.0 UNIT(S),65.0 UNIT(S),0.0 UNIT(S),,,,
Product stock history,120367,PPWB,,SIM CARDS,OKO CONNECT POINT,₦ 700.000 View group prices,239.0 UNIT(S),"₦ 143,399.283","₦ 167,300.000","₦ 23,900.717","2,270.0 UNIT(S)",0.0 UNIT(S),0.0 UNIT(S),,,,
Product stock history,120367,PPWB,,SIM CARDS,ASABA INPLANT,₦ 700.000 View group prices,0.0 UNIT(S),₦ 0.000,₦ 0.000,₦ 0.000,"2,535.0 UNIT(S)",745.0 UNIT(S),0.0 UNIT(S),,,,
Product stock history,120367,PPWB,,SIM CARDS,OANDO CONNECT POINT,₦ 700.000 View group prices,168.0 UNIT(S),"₦ 100,799.496","₦ 117,600.000","₦ 16,800.504","1,296.0 UNIT(S)",0.0 UNIT(S),0.0 UNIT(S),,,,
Product stock history,120367,PPWB,,SIM CARDS,ULI CONNECT POINT,₦ 700.000 View group prices,215.0 UNIT(S),"₦ 128,999.355","₦ 150,500.000","₦ 21,500.645","2,017.0 UNIT(S)",0.0 UNIT(S),0.0 UNIT(S),,,,
Product stock history,120367,PPWB,,SIM CARDS,IHIALA  CONNECT POINT,₦ 700.000 View group prices,578.0 UNIT(S),"₦ 346,798.500","₦ 404,600.000","₦ 57,801.500","2,884.0 UNIT(S)",0.0 UNIT(S),0.0 UNIT(S),,,,
Product stock history,120367,PPWB,,SIM CARDS,MBAITOLI CONNECT POINT,₦ 700.000 View group prices,99.0 UNIT(S),"₦ 59,399.703","₦ 69,300.000","₦ 9,900.297","7,061.0 UNIT(S)",470.0 UNIT(S),0.0 UNIT(S),,,,
Product stock history,120367,PPWB,,SIM CARDS,IMT CONNECT LITE,₦ 700.000 View group prices,36.0 UNIT(S),"₦ 21,599.892","₦ 25,200.000","₦ 3,600.108",836.0 UNIT(S),0.0 UNIT(S),0.0 UNIT(S),,,,
Product stock history,120368,SAMSUNG A03 4/64GB,,PHONES,,₦ 0.000 View group prices,0.0 UNIT(S),₦ 0.000,₦ 0.000,₦ 0.000,0.0 UNIT(S),0.0 UNIT(S),0.0 UNIT(S),,,,
Product stock history,120369,SAMSUNG A04 4/64GB,,PHONES,,₦ 0.000 View group prices,0.0 UNIT(S),₦ 0.000,₦ 0.000,₦ 0.000,0.0 UNIT(S),0.0 UNIT(S),0.0 UNIT(S),,,,
Product stock history,120370,SAMSUNG A14 128GB,,PHONES,,₦ 0.000 View group prices,0.0 UNIT(S),₦ 0.000,₦ 0.000,₦ 0.000,0.0 UNIT(S),0.0 UNIT(S),0.0 UNIT(S),,,,
Product stock history,120371,SAMSUNG A14(4/64GB),,PHONES,ALAKAHIA CONNECT / LITE,₦ 0.000 View group prices,0.0 UNIT(S),₦ 0.000,₦ 0.000,₦ 0.000,2.0 UNIT(S),0.0 UNIT(S),0.0 UNIT(S),,,,
Product stock history,120373,SAMSUNG A33,,PHONES,,₦ 0.000 View group prices,0.0 UNIT(S),₦ 0.000,₦ 0.000,₦ 0.000,0.0 UNIT(S),0.0 UNIT(S),0.0 UNIT(S),,,,
Product stock history,120374,TECNO 301,,PHONES,IMSU CONNECT POINT,"₦ 20,000.000 View group prices",0.0 UNIT(S),₦ 0.000,₦ 0.000,₦ 0.000,3.0 UNIT(S),0.0 UNIT(S),0.0 UNIT(S),,,,
Product stock history,120374,TECNO 301,,PHONES,IMT CONNECT LITE,"₦ 20,000.000 View group prices",0.0 UNIT(S),₦ 0.000,₦ 0.000,₦ 0.000,3.0 UNIT(S),0.0 UNIT(S),0.0 UNIT(S),,,,
Product stock history,120374,TECNO 301,,PHONES,AIRPORT CONNECT POINT,"₦ 20,000.000 View group prices",0.0 UNIT(S),₦ 0.000,₦ 0.000,₦ 0.000,28.0 UNIT(S),0.0 UNIT(S),0.0 UNIT(S),,,,
Product stock history,120374,TECNO 301,,PHONES,OKIGWE HUB,"₦ 20,000.000 View group prices",2.0 UNIT(S),"₦ 28,800.000","₦ 40,000.000","₦ 11,200.000",10.0 UNIT(S),0.0 UNIT(S),0.0 UNIT(S),,,,
Product stock history,120374,TECNO 301,,PHONES,AWKA CONNECT / LITE,"₦ 20,000.000 View group prices",4.0 UNIT(S),"₦ 58,400.000","₦ 80,000.000","₦ 21,600.000",55.0 UNIT(S),26.0 UNIT(S),0.0 UNIT(S),,,,
Product stock history,120374,TECNO 301,,PHONES,OWERRI 2 CONNECT / LITE,"₦ 20,000.000 View group prices",0.0 UNIT(S),₦ 0.000,₦ 0.000,₦ 0.000,55.0 UNIT(S),0.0 UNIT(S),0.0 UNIT(S),,,,
Product stock history,120374,TECNO 301,,PHONES,UNIZIK 2,"₦ 20,000.000 View group prices",0.0 UNIT(S),₦ 0.000,₦ 0.000,₦ 0.000,9.0 UNIT(S),0.0 UNIT(S),0.0 UNIT(S),,,,
Product stock history,120375,TECNO 349,,PHONES,,₦ 0.000 View group prices,0.0 UNIT(S),₦ 0.000,₦ 0.000,₦ 0.000,0.0 UNIT(S),0.0 UNIT(S),0.0 UNIT(S),,,,
Product stock history,120376,TECNO 350,,PHONES,,₦ 0.000 View group prices,0.0 UNIT(S),₦ 0.000,₦ 0.000,₦ 0.000,0.0 UNIT(S),0.0 UNIT(S),0.0 UNIT(S),,,,
Product stock history,120378,TECNO 372,,PHONES,OWERRI 2 CONNECT / LITE,₦ 0.000 View group prices,0.0 UNIT(S),₦ 0.000,₦ 0.000,₦ 0.000,5.0 UNIT(S),0.0 UNIT(S),0.0 UNIT(S),,,,
Product stock history,120379,TECNO 402,,PHONES,,₦ 0.000 View group prices,0.0 UNIT(S),₦ 0.000,₦ 0.000,₦ 0.000,0.0 UNIT(S),0.0 UNIT(S),0.0 UNIT(S),,,,
Product stock history,120380,TECNO 454,,PHONES,,₦ 0.000 View group prices,0.0 UNIT(S),₦ 0.000,₦ 0.000,₦ 0.000,0.0 UNIT(S),0.0 UNIT(S),0.0 UNIT(S),,,,
Product stock history,120381,TECNO 466,,PHONES,,₦ 0.000 View group prices,0.0 UNIT(S),₦ 0.000,₦ 0.000,₦ 0.000,0.0 UNIT(S),0.0 UNIT(S),0.0 UNIT(S),,,,
Product stock history,120382,TECNO 474,,PHONES,,₦ 0.000 View group prices,0.0 UNIT(S),₦ 0.000,₦ 0.000,₦ 0.000,0.0 UNIT(S),0.0 UNIT(S),0.0 UNIT(S),,,,
Product stock history,120383,TECNO 661,,PHONES,,₦ 0.000 View group prices,0.0 UNIT(S),₦ 0.000,₦ 0.000,₦ 0.000,0.0 UNIT(S),0.0 UNIT(S),0.0 UNIT(S),,,,
Product stock history,120384,TECNO CAMON 17P 128/6,,PHONES,,₦ 0.000 View group prices,0.0 UNIT(S),₦ 0.000,₦ 0.000,₦ 0.000,0.0 UNIT(S),0.0 UNIT(S),0.0 UNIT(S),,,,
Product stock history,120385,TECNO POP 2 +,,PHONES,,₦ 0.000 View group prices,0.0 UNIT(S),₦ 0.000,₦ 0.000,₦ 0.000,0.0 UNIT(S),0.0 UNIT(S),0.0 UNIT(S),,,,
Product stock history,120386,TECNO POP 4 PRO,,PHONES,,₦ 0.000 View group prices,0.0 UNIT(S),₦ 0.000,₦ 0.000,₦ 0.000,0.0 UNIT(S),0.0 UNIT(S),0.0 UNIT(S),,,,
Product stock history,120387,TECNO POP 7(2/64gb),,PHONES,AWKA CONNECT / LITE,₦ 0.000 View group prices,0.0 UNIT(S),₦ 0.000,₦ 0.000,₦ 0.000,0.0 UNIT(S),0.0 UNIT(S),0.0 UNIT(S),,,,
Product stock history,120388,TECNO POP3,,PHONES,,₦ 0.000 View group prices,0.0 UNIT(S),₦ 0.000,₦ 0.000,₦ 0.000,0.0 UNIT(S),0.0 UNIT(S),0.0 UNIT(S),,,,
Product stock history,120389,TECNO POP7 PRO (3/64GB),,PHONES,,₦ 0.000 View group prices,0.0 UNIT(S),₦ 0.000,₦ 0.000,₦ 0.000,0.0 UNIT(S),0.0 UNIT(S),0.0 UNIT(S),,,,
Product stock history,120390,TECNO POP7 PRO (4/64GB),,PHONES,AWKA CONNECT / LITE,₦ 0.000 View group prices,0.0 UNIT(S),₦ 0.000,₦ 0.000,₦ 0.000,2.0 UNIT(S),0.0 UNIT(S),0.0 UNIT(S),,,,
Product stock history,120391,TECNO SPARK 10 (8/128),,PHONES,,₦ 0.000 View group prices,0.0 UNIT(S),₦ 0.000,₦ 0.000,₦ 0.000,0.0 UNIT(S),0.0 UNIT(S),0.0 UNIT(S),,,,
Product stock history,120393,TECNO SPARK 10C (4/128GB),,PHONES,,₦ 0.000 View group prices,0.0 UNIT(S),₦ 0.000,₦ 0.000,₦ 0.000,0.0 UNIT(S),0.0 UNIT(S),0.0 UNIT(S),,,,
Product stock history,120394,TECNO SPARK 10C (8/128GB),,PHONES,,₦ 0.000 View group prices,0.0 UNIT(S),₦ 0.000,₦ 0.000,₦ 0.000,0.0 UNIT(S),0.0 UNIT(S),0.0 UNIT(S),,,,
Product stock history,120395,TECNO SPARK 8C 64/2,,PHONES,,₦ 0.000 View group prices,0.0 UNIT(S),₦ 0.000,₦ 0.000,₦ 0.000,0.0 UNIT(S),0.0 UNIT(S),0.0 UNIT(S),,,,
Product stock history,120396,TECNO SPARK 9T 4/128gb,,PHONES,AWKA CONNECT / LITE,₦ 0.000 View group prices,0.0 UNIT(S),₦ 0.000,₦ 0.000,₦ 0.000,2.0 UNIT(S),0.0 UNIT(S),0.0 UNIT(S),,,,
Product stock history,120397,TECNO 313,,PHONES,IGWURUTA CONNECT POINT,"₦ 10,500.000 View group prices",0.0 UNIT(S),₦ 0.000,₦ 0.000,₦ 0.000,1.0 UNIT(S),0.0 UNIT(S),0.0 UNIT(S),,,,
Product stock history,120397,TECNO 313,,PHONES,OWERRI 2 CONNECT / LITE,"₦ 10,500.000 View group prices",0.0 UNIT(S),₦ 0.000,₦ 0.000,₦ 0.000,1.0 UNIT(S),0.0 UNIT(S),0.0 UNIT(S),,,,
Product stock history,120398,TECNO T349,,PHONES,,₦ 0.000 View group prices,0.0 UNIT(S),₦ 0.000,₦ 0.000,₦ 0.000,0.0 UNIT(S),0.0 UNIT(S),0.0 UNIT(S),,,,
Product stock history,120399,TECNO T351,,PHONES,,₦ 0.000 View group prices,0.0 UNIT(S),₦ 0.000,₦ 0.000,₦ 0.000,0.0 UNIT(S),0.0 UNIT(S),0.0 UNIT(S),,,,
Product stock history,120400,TECNO T372,,PHONES,AWKA CONNECT / LITE,₦ 0.000 View group prices,0.0 UNIT(S),₦ 0.000,₦ 0.000,₦ 0.000,5.0 UNIT(S),0.0 UNIT(S),0.0 UNIT(S),,,,
Product stock history,120467,MOMO - SOF,,MOMO,AIRPORT CONNECT POINT,₦ 100.000 View group prices,0.0 UNIT(S),₦ 0.000,₦ 0.000,₦ 0.000,"31,957.0 UNIT(S)",0.0 UNIT(S),0.0 UNIT(S),,,,
Product stock history,120467,MOMO - SOF,,MOMO,AWKA CONNECT / LITE,₦ 100.000 View group prices,0.0 UNIT(S),₦ 0.000,₦ 0.000,₦ 0.000,"31,500.0 UNIT(S)",0.0 UNIT(S),0.0 UNIT(S),,,,
Product stock history,120467,MOMO - SOF,,MOMO,ELELE CONNECT POINT,₦ 100.000 View group prices,0.0 UNIT(S),₦ 0.000,₦ 0.000,₦ 0.000,650.0 UNIT(S),0.0 UNIT(S),0.0 UNIT(S),,,,
Product stock history,120467,MOMO - SOF,,MOMO,IGWURUTA CONNECT POINT,₦ 100.000 View group prices,0.0 UNIT(S),₦ 0.000,₦ 0.000,₦ 0.000,940.0 UNIT(S),0.0 UNIT(S),0.0 UNIT(S),,,,
Product stock history,120467,MOMO - SOF,,MOMO,OKIGWE HUB,₦ 100.000 View group prices,"1,156.0 UNIT(S)",₦ 0.000,"₦ 115,600.000","₦ 115,600.000","40,944.0 UNIT(S)",0.0 UNIT(S),0.0 UNIT(S),,,,
Product stock history,120467,MOMO - SOF,,MOMO,ONITSHA 2 CONNECT LITE,₦ 100.000 View group prices,"1,015.0 UNIT(S)",₦ 0.000,"₦ 101,500.000","₦ 101,500.000","30,488.2 UNIT(S)",0.0 UNIT(S),0.0 UNIT(S),,,,
Product stock history,120467,MOMO - SOF,,MOMO,ALAKAHIA CONNECT / LITE,₦ 100.000 View group prices,0.0 UNIT(S),₦ 0.000,₦ 0.000,₦ 0.000,"46,036.0 UNIT(S)","1,400.0 UNIT(S)",0.0 UNIT(S),,,,
Product stock history,120467,MOMO - SOF,,MOMO,OWERRI 2 CONNECT / LITE,₦ 100.000 View group prices,500.0 UNIT(S),₦ 0.000,"₦ 50,000.000","₦ 50,000.000","46,752.7 UNIT(S)",0.0 UNIT(S),0.0 UNIT(S),,,,
Product stock history,120468,MTN MIFI,,ACCESSORIES,IMT CONNECT LITE,"₦ 15,000.000 View group prices",2.0 UNIT(S),"₦ 27,000.004","₦ 30,000.000","₦ 2,999.996",11.0 UNIT(S),0.0 UNIT(S),0.0 UNIT(S),,,,
Product stock history,120468,MTN MIFI,,ACCESSORIES,ALVAN 1 CONNECT POINT,"₦ 15,000.000 View group prices",4.0 UNIT(S),"₦ 54,000.008","₦ 60,000.000","₦ 5,999.992",14.0 UNIT(S),0.0 UNIT(S),0.0 UNIT(S),,,,
Product stock history,120468,MTN MIFI,,ACCESSORIES,MBAITOLI CONNECT POINT,"₦ 15,000.000 View group prices",4.0 UNIT(S),"₦ 54,000.008","₦ 60,000.000","₦ 5,999.992",16.0 UNIT(S),1.0 UNIT(S),0.0 UNIT(S),,,,
Product stock history,120468,MTN MIFI,,ACCESSORIES,ALVAN 2 CONNECT POINT,"₦ 15,000.000 View group prices",0.0 UNIT(S),₦ 0.000,₦ 0.000,₦ 0.000,6.0 UNIT(S),0.0 UNIT(S),0.0 UNIT(S),,,,
Product stock history,120468,MTN MIFI,,ACCESSORIES,UNIZIK 2,"₦ 15,000.000 View group prices",2.0 UNIT(S),"₦ 27,000.004","₦ 30,000.000","₦ 2,999.996",25.0 UNIT(S),1.0 UNIT(S),0.0 UNIT(S),,,,
Product stock history,120468,MTN MIFI,,ACCESSORIES,IMSU CONNECT POINT,"₦ 15,000.000 View group prices",4.0 UNIT(S),"₦ 54,000.008","₦ 60,000.000","₦ 5,999.992",29.0 UNIT(S),0.0 UNIT(S),0.0 UNIT(S),,,,
Product stock history,120468,MTN MIFI,,ACCESSORIES,IGWURUTA CONNECT POINT,"₦ 15,000.000 View group prices",4.0 UNIT(S),"₦ 54,000.008","₦ 60,000.000","₦ 5,999.992",37.0 UNIT(S),2.0 UNIT(S),0.0 UNIT(S),,,,
Product stock history,120468,MTN MIFI,,ACCESSORIES,OKO CONNECT POINT,"₦ 15,000.000 View group prices",1.0 UNIT(S),"₦ 13,500.002","₦ 15,000.000","₦ 1,499.998",15.0 UNIT(S),0.0 UNIT(S),0.0 UNIT(S),,,,
Product stock history,120468,MTN MIFI,,ACCESSORIES,EBU AWKA,"₦ 15,000.000 View group prices",14.0 UNIT(S),"₦ 189,000.028","₦ 210,000.000","₦ 20,999.972",76.0 UNIT(S),0.0 UNIT(S),0.0 UNIT(S),,,,
Product stock history,120468,MTN MIFI,,ACCESSORIES,ASABA INPLANT,"₦ 15,000.000 View group prices",0.0 UNIT(S),"₦ 11,250.050",₦ 0.000,"₦ -11,250.050",71.0 UNIT(S),7.0 UNIT(S),0.0 UNIT(S),,,,
Product stock history,120468,MTN MIFI,,ACCESSORIES,ULI CONNECT POINT,"₦ 15,000.000 View group prices",2.0 UNIT(S),"₦ 27,000.004","₦ 30,000.000","₦ 2,999.996",11.0 UNIT(S),0.0 UNIT(S),0.0 UNIT(S),,,,
Product stock history,120468,MTN MIFI,,ACCESSORIES,IHIALA  CONNECT POINT,"₦ 15,000.000 View group prices",4.0 UNIT(S),"₦ 54,000.008","₦ 60,000.000","₦ 5,999.992",28.0 UNIT(S),0.0 UNIT(S),0.0 UNIT(S),,,,
Product stock history,120468,MTN MIFI,,ACCESSORIES,IGBARIAM CONNECT POINT,"₦ 15,000.000 View group prices",1.0 UNIT(S),"₦ 13,500.001","₦ 15,000.000","₦ 1,499.999",41.0 UNIT(S),0.0 UNIT(S),0.0 UNIT(S),,,,
Product stock history,120468,MTN MIFI,,ACCESSORIES,ESUT CONNECT POINT,"₦ 15,000.000 View group prices",1.0 UNIT(S),"₦ 6,750.000","₦ 15,000.000","₦ 8,250.000",0.0 UNIT(S),0.0 UNIT(S),0.0 UNIT(S),,,,
Product stock history,120468,MTN MIFI,,ACCESSORIES,NEKEDE CONNECT LITE,"₦ 15,000.000 View group prices",5.0 UNIT(S),"₦ 67,500.005","₦ 75,000.000","₦ 7,499.995",19.0 UNIT(S),1.0 UNIT(S),0.0 UNIT(S),,,,
Product stock history,120468,MTN MIFI,,ACCESSORIES,ULAKWO CONNECT POINT,"₦ 15,000.000 View group prices",2.0 UNIT(S),"₦ 27,000.004","₦ 30,000.000","₦ 2,999.996",1.0 UNIT(S),0.0 UNIT(S),0.0 UNIT(S),,,,
Product stock history,120468,MTN MIFI,,ACCESSORIES,OKIGWE HUB,"₦ 15,000.000 View group prices",40.0 UNIT(S),"₦ 540,000.080","₦ 600,000.000","₦ 59,999.920",148.0 UNIT(S),150.0 UNIT(S),0.0 UNIT(S),,,,
Product stock history,120468,MTN MIFI,,ACCESSORIES,OWERRI 2 CONNECT / LITE,"₦ 15,000.000 View group prices",112.0 UNIT(S),"₦ 1,512,000.224","₦ 1,680,000.000","₦ 167,999.776",721.0 UNIT(S),15.0 UNIT(S),0.0 UNIT(S),,,,
Product stock history,120468,MTN MIFI,,ACCESSORIES,AIRPORT CONNECT POINT,"₦ 15,000.000 View group prices",10.0 UNIT(S),"₦ 135,000.020","₦ 150,000.000","₦ 14,999.980",284.0 UNIT(S),18.0 UNIT(S),0.0 UNIT(S),,,,
Product stock history,120468,MTN MIFI,,ACCESSORIES,ONITSHA 2 CONNECT LITE,"₦ 15,000.000 View group prices",89.0 UNIT(S),"₦ 1,323,000.196","₦ 1,335,000.000","₦ 11,999.804",624.0 UNIT(S),145.0 UNIT(S),0.0 UNIT(S),,,,
Product stock history,120468,MTN MIFI,,ACCESSORIES,AWKA CONNECT / LITE,"₦ 15,000.000 View group prices",162.0 UNIT(S),"₦ 2,187,000.290","₦ 2,430,000.000","₦ 242,999.710",772.0 UNIT(S),107.0 UNIT(S),2.0 UNIT(S),,,,
Product stock history,120468,MTN MIFI,,ACCESSORIES,ALAKAHIA CONNECT / LITE,"₦ 15,000.000 View group prices",182.0 UNIT(S),"₦ 3,280,500.608","₦ 2,730,000.000","₦ -550,500.608",662.0 UNIT(S),70.0 UNIT(S),0.0 UNIT(S),,,,
Product stock history,120468,MTN MIFI,,ACCESSORIES,OANDO CONNECT POINT,"₦ 15,000.000 View group prices",0.0 UNIT(S),₦ 0.000,₦ 0.000,₦ 0.000,8.0 UNIT(S),0.0 UNIT(S),0.0 UNIT(S),,,,
Product stock history,120468,MTN MIFI,,ACCESSORIES,ELELE CONNECT POINT,"₦ 15,000.000 View group prices",7.0 UNIT(S),"₦ 94,500.014","₦ 105,000.000","₦ 10,499.986",22.0 UNIT(S),0.0 UNIT(S),0.0 UNIT(S),,,,
Product stock history,120468,MTN MIFI,,ACCESSORIES,UNIZIK 1,"₦ 15,000.000 View group prices",1.0 UNIT(S),"₦ 13,500.001","₦ 15,000.000","₦ 1,499.999",10.0 UNIT(S),0.0 UNIT(S),0.0 UNIT(S),,,,
Product stock history,120468,MTN MIFI,,ACCESSORIES,HEAD OFFICE,"₦ 15,000.000 View group prices",1.0 UNIT(S),"₦ 13,500.002","₦ 15,000.000","₦ 1,499.998",0.0 UNIT(S),55.0 UNIT(S),0.0 UNIT(S),,,,
Product stock history,120468,MTN MIFI,,ACCESSORIES,STATE SEC CONNECT POINT,"₦ 15,000.000 View group prices",1.0 UNIT(S),"₦ 13,500.002","₦ 15,000.000","₦ 1,499.998",1.0 UNIT(S),0.0 UNIT(S),0.0 UNIT(S),,,,
Product stock history,120469,MTN HYNET CAT 6,,ACCESSORIES,IMSU CONNECT POINT,"₦ 40,000.000 View group prices",0.0 UNIT(S),₦ 0.000,₦ 0.000,₦ 0.000,4.0 UNIT(S),0.0 UNIT(S),0.0 UNIT(S),,,,
Product stock history,120469,MTN HYNET CAT 6,,ACCESSORIES,HEAD OFFICE,"₦ 40,000.000 View group prices",0.0 UNIT(S),₦ 0.000,₦ 0.000,₦ 0.000,0.0 UNIT(S),6.0 UNIT(S),0.0 UNIT(S),,,,
Product stock history,120469,MTN HYNET CAT 6,,ACCESSORIES,ALVAN 2 CONNECT POINT,"₦ 40,000.000 View group prices",0.0 UNIT(S),₦ 0.000,₦ 0.000,₦ 0.000,1.0 UNIT(S),0.0 UNIT(S),0.0 UNIT(S),,,,
Product stock history,120469,MTN HYNET CAT 6,,ACCESSORIES,UNIZIK 1,"₦ 40,000.000 View group prices",0.0 UNIT(S),₦ 0.000,₦ 0.000,₦ 0.000,3.0 UNIT(S),0.0 UNIT(S),0.0 UNIT(S),,,,
Product stock history,120469,MTN HYNET CAT 6,,ACCESSORIES,IGWURUTA CONNECT POINT,"₦ 40,000.000 View group prices",2.0 UNIT(S),"₦ 71,999.996","₦ 80,000.000","₦ 8,000.004",4.0 UNIT(S),0.0 UNIT(S),0.0 UNIT(S),,,,
Product stock history,120469,MTN HYNET CAT 6,,ACCESSORIES,ASABA INPLANT,"₦ 40,000.000 View group prices",0.0 UNIT(S),₦ 0.000,₦ 0.000,₦ 0.000,29.0 UNIT(S),4.0 UNIT(S),0.0 UNIT(S),,,,
Product stock history,120469,MTN HYNET CAT 6,,ACCESSORIES,IHIALA  CONNECT POINT,"₦ 40,000.000 View group prices",0.0 UNIT(S),₦ 0.000,₦ 0.000,₦ 0.000,6.0 UNIT(S),0.0 UNIT(S),0.0 UNIT(S),,,,
Product stock history,120469,MTN HYNET CAT 6,,ACCESSORIES,EBU AWKA,"₦ 40,000.000 View group prices",5.0 UNIT(S),"₦ 161,999.994","₦ 200,000.000","₦ 38,000.006",6.0 UNIT(S),0.0 UNIT(S),0.0 UNIT(S),,,,
Product stock history,120469,MTN HYNET CAT 6,,ACCESSORIES,UNIZIK 2,"₦ 40,000.000 View group prices",0.0 UNIT(S),₦ 0.000,₦ 0.000,₦ 0.000,5.0 UNIT(S),0.0 UNIT(S),0.0 UNIT(S),,,,
Product stock history,120469,MTN HYNET CAT 6,,ACCESSORIES,OKIGWE HUB,"₦ 40,000.000 View group prices",0.0 UNIT(S),₦ 0.000,₦ 0.000,₦ 0.000,13.0 UNIT(S),0.0 UNIT(S),0.0 UNIT(S),,,,
Product stock history,120469,MTN HYNET CAT 6,,ACCESSORIES,OWERRI 2 CONNECT / LITE,"₦ 40,000.000 View group prices",5.0 UNIT(S),"₦ 179,999.990","₦ 200,000.000","₦ 20,000.010",212.0 UNIT(S),1.0 UNIT(S),0.0 UNIT(S),,,,
Product stock history,120469,MTN HYNET CAT 6,,ACCESSORIES,ULI CONNECT POINT,"₦ 40,000.000 View group prices",1.0 UNIT(S),"₦ 27,000.000","₦ 40,000.000","₦ 13,000.000",1.0 UNIT(S),0.0 UNIT(S),0.0 UNIT(S),,,,
Product stock history,120469,MTN HYNET CAT 6,,ACCESSORIES,AIRPORT CONNECT POINT,"₦ 40,000.000 View group prices",0.0 UNIT(S),₦ 0.000,₦ 0.000,₦ 0.000,66.0 UNIT(S),0.0 UNIT(S),0.0 UNIT(S),,,,
Product stock history,120469,MTN HYNET CAT 6,,ACCESSORIES,ONITSHA 2 CONNECT LITE,"₦ 40,000.000 View group prices",16.0 UNIT(S),"₦ 512,999.970","₦ 640,000.000","₦ 127,000.030",76.0 UNIT(S),50.0 UNIT(S),0.0 UNIT(S),,,,
Product stock history,120469,MTN HYNET CAT 6,,ACCESSORIES,AWKA CONNECT / LITE,"₦ 40,000.000 View group prices",0.0 UNIT(S),₦ 0.000,₦ 0.000,₦ 0.000,95.0 UNIT(S),11.0 UNIT(S),0.0 UNIT(S),,,,
Product stock history,120469,MTN HYNET CAT 6,,ACCESSORIES,ALAKAHIA CONNECT / LITE,"₦ 40,000.000 View group prices",0.0 UNIT(S),"₦ 656,999.920",₦ 0.000,"₦ -656,999.920",153.0 UNIT(S),6.0 UNIT(S),0.0 UNIT(S),,,,
Product stock history,120470,MTN HYNET CAT 4,,ACCESSORIES,EBU AWKA,"₦ 20,000.000 View group prices",10.0 UNIT(S),"₦ 179,999.990","₦ 200,000.000","₦ 20,000.010",89.0 UNIT(S),0.0 UNIT(S),0.0 UNIT(S),,,,
Product stock history,120470,MTN HYNET CAT 4,,ACCESSORIES,IMSU CONNECT POINT,"₦ 20,000.000 View group prices",1.0 UNIT(S),"₦ 17,999.999","₦ 20,000.000","₦ 2,000.001",10.0 UNIT(S),0.0 UNIT(S),1.0 UNIT(S),,,,
Product stock history,120470,MTN HYNET CAT 4,,ACCESSORIES,ONITSHA 2 CONNECT LITE,"₦ 20,000.000 View group prices",0.0 UNIT(S),₦ 0.000,₦ 0.000,₦ 0.000,303.0 UNIT(S),30.0 UNIT(S),0.0 UNIT(S),,,,
Product stock history,120470,MTN HYNET CAT 4,,ACCESSORIES,ASABA INPLANT,"₦ 20,000.000 View group prices",0.0 UNIT(S),₦ 0.000,₦ 0.000,₦ 0.000,25.0 UNIT(S),0.0 UNIT(S),0.0 UNIT(S),,,,
Product stock history,120470,MTN HYNET CAT 4,,ACCESSORIES,OKO CONNECT POINT,"₦ 20,000.000 View group prices",0.0 UNIT(S),₦ 0.000,₦ 0.000,₦ 0.000,3.0 UNIT(S),0.0 UNIT(S),0.0 UNIT(S),,,,
Product stock history,120470,MTN HYNET CAT 4,,ACCESSORIES,UNIZIK 2,"₦ 20,000.000 View group prices",1.0 UNIT(S),"₦ 17,999.999","₦ 20,000.000","₦ 2,000.001",8.0 UNIT(S),0.0 UNIT(S),0.0 UNIT(S),,,,
Product stock history,120470,MTN HYNET CAT 4,,ACCESSORIES,UNIZIK 1,"₦ 20,000.000 View group prices",0.0 UNIT(S),₦ 0.000,₦ 0.000,₦ 0.000,7.0 UNIT(S),0.0 UNIT(S),0.0 UNIT(S),,,,
Product stock history,120470,MTN HYNET CAT 4,,ACCESSORIES,HEAD OFFICE,"₦ 20,000.000 View group prices",0.0 UNIT(S),₦ 0.000,₦ 0.000,₦ 0.000,0.0 UNIT(S),63.0 UNIT(S),0.0 UNIT(S),,,,
Product stock history,120470,MTN HYNET CAT 4,,ACCESSORIES,IHIALA  CONNECT POINT,"₦ 20,000.000 View group prices",0.0 UNIT(S),₦ 0.000,₦ 0.000,₦ 0.000,4.0 UNIT(S),0.0 UNIT(S),0.0 UNIT(S),,,,
Product stock history,120470,MTN HYNET CAT 4,,ACCESSORIES,IMT CONNECT LITE,"₦ 20,000.000 View group prices",0.0 UNIT(S),₦ 0.000,₦ 0.000,₦ 0.000,1.0 UNIT(S),0.0 UNIT(S),0.0 UNIT(S),,,,
Product stock history,120470,MTN HYNET CAT 4,,ACCESSORIES,ULAKWO CONNECT POINT,"₦ 20,000.000 View group prices",0.0 UNIT(S),₦ 0.000,₦ 0.000,₦ 0.000,1.0 UNIT(S),0.0 UNIT(S),0.0 UNIT(S),,,,
Product stock history,120470,MTN HYNET CAT 4,,ACCESSORIES,ELELE CONNECT POINT,"₦ 20,000.000 View group prices",1.0 UNIT(S),"₦ 17,999.999","₦ 20,000.000","₦ 2,000.001",9.0 UNIT(S),0.0 UNIT(S),0.0 UNIT(S),,,,
Product stock history,120470,MTN HYNET CAT 4,,ACCESSORIES,STATE SEC CONNECT POINT,"₦ 20,000.000 View group prices",0.0 UNIT(S),₦ 0.000,₦ 0.000,₦ 0.000,1.0 UNIT(S),0.0 UNIT(S),0.0 UNIT(S),,,,
Product stock history,120470,MTN HYNET CAT 4,,ACCESSORIES,ALAKAHIA CONNECT / LITE,"₦ 20,000.000 View group prices",29.0 UNIT(S),"₦ 629,999.959","₦ 580,000.000","₦ -49,999.959",455.0 UNIT(S),93.0 UNIT(S),0.0 UNIT(S),,,,
Product stock history,120470,MTN HYNET CAT 4,,ACCESSORIES,AWKA CONNECT / LITE,"₦ 20,000.000 View group prices",6.0 UNIT(S),"₦ 107,999.994","₦ 120,000.000","₦ 12,000.006",295.0 UNIT(S),18.0 UNIT(S),0.0 UNIT(S),,,,
Product stock history,120470,MTN HYNET CAT 4,,ACCESSORIES,AIRPORT CONNECT POINT,"₦ 20,000.000 View group prices",8.0 UNIT(S),"₦ 143,999.992","₦ 160,000.000","₦ 16,000.008",108.0 UNIT(S),19.0 UNIT(S),0.0 UNIT(S),,,,
Product stock history,120470,MTN HYNET CAT 4,,ACCESSORIES,OWERRI 2 CONNECT / LITE,"₦ 20,000.000 View group prices",5.0 UNIT(S),"₦ 89,999.995","₦ 100,000.000","₦ 10,000.005",461.0 UNIT(S),3.0 UNIT(S),0.0 UNIT(S),,,,
Product stock history,120470,MTN HYNET CAT 4,,ACCESSORIES,OKIGWE HUB,"₦ 20,000.000 View group prices",0.0 UNIT(S),₦ 0.000,₦ 0.000,₦ 0.000,39.0 UNIT(S),15.0 UNIT(S),0.0 UNIT(S),,,,
Product stock history,120470,MTN HYNET CAT 4,,ACCESSORIES,IGWURUTA CONNECT POINT,"₦ 20,000.000 View group prices",4.0 UNIT(S),"₦ 71,999.996","₦ 80,000.000","₦ 8,000.004",9.0 UNIT(S),1.0 UNIT(S),0.0 UNIT(S),,,,
Product stock history,120470,MTN HYNET CAT 4,,ACCESSORIES,NEKEDE CONNECT LITE,"₦ 20,000.000 View group prices",2.0 UNIT(S),"₦ 35,999.998","₦ 40,000.000","₦ 4,000.002",4.0 UNIT(S),1.0 UNIT(S),0.0 UNIT(S),,,,
Product stock history,120470,MTN HYNET CAT 4,,ACCESSORIES,ALVAN 1 CONNECT POINT,"₦ 20,000.000 View group prices",4.0 UNIT(S),"₦ 71,999.996","₦ 80,000.000","₦ 8,000.004",7.0 UNIT(S),0.0 UNIT(S),0.0 UNIT(S),,,,
Product stock history,120470,MTN HYNET CAT 4,,ACCESSORIES,MBAITOLI CONNECT POINT,"₦ 20,000.000 View group prices",3.0 UNIT(S),"₦ 53,999.997","₦ 60,000.000","₦ 6,000.003",10.0 UNIT(S),0.0 UNIT(S),0.0 UNIT(S),,,,
Product stock history,120470,MTN HYNET CAT 4,,ACCESSORIES,ALVAN 2 CONNECT POINT,"₦ 20,000.000 View group prices",0.0 UNIT(S),₦ 0.000,₦ 0.000,₦ 0.000,1.0 UNIT(S),0.0 UNIT(S),0.0 UNIT(S),,,,
Product stock history,120473,EYESYTE PTZ CAMERA,,ACCESSORIES,EBU AWKA,"₦ 25,000.000 View group prices",0.0 UNIT(S),₦ 0.000,₦ 0.000,₦ 0.000,3.0 UNIT(S),2.0 UNIT(S),0.0 UNIT(S),,,,
Product stock history,120473,EYESYTE PTZ CAMERA,,ACCESSORIES,HEAD OFFICE,"₦ 25,000.000 View group prices",0.0 UNIT(S),₦ 0.000,₦ 0.000,₦ 0.000,0.0 UNIT(S),3.0 UNIT(S),0.0 UNIT(S),,,,
Product stock history,120474,EYESYTE BATTERY CAMERA,,ACCESSORIES,EBU AWKA,"₦ 78,000.000 View group prices",1.0 UNIT(S),"₦ 72,558.140","₦ 78,000.000","₦ 5,441.860",0.0 UNIT(S),0.0 UNIT(S),0.0 UNIT(S),,,,
Product stock history,120475,EYESYTE DOORBELL CAMERA,,ACCESSORIES,,"₦ 55,000.000 View group prices",0.0 UNIT(S),₦ 0.000,₦ 0.000,₦ 0.000,0.0 UNIT(S),0.0 UNIT(S),0.0 UNIT(S),,,,
Product stock history,120476,MTN CAR TRACKER,,ACCESSORIES,,"₦ 55,500.000 View group prices",0.0 UNIT(S),₦ 0.000,₦ 0.000,₦ 0.000,0.0 UNIT(S),0.0 UNIT(S),0.0 UNIT(S),,,,
Product stock history,120478,EYESYTE ALARM GATEWAY SYSTEM,,ACCESSORIES,,"₦ 57,500.000 View group prices",0.0 UNIT(S),₦ 0.000,₦ 0.000,₦ 0.000,0.0 UNIT(S),0.0 UNIT(S),0.0 UNIT(S),,,,
Product stock history,120479,EYESYTE SURVEILLANCE CAMERS (WITH SOLAR ),,ACCESSORIES,HEAD OFFICE,"₦ 195,500.000 View group prices",0.0 UNIT(S),₦ 0.000,₦ 0.000,₦ 0.000,0.0 UNIT(S),3.0 UNIT(S),0.0 UNIT(S),,,,
Product stock history,120479,EYESYTE SURVEILLANCE CAMERS (WITH SOLAR ),,ACCESSORIES,EBU AWKA,"₦ 195,500.000 View group prices",0.0 UNIT(S),₦ 0.000,₦ 0.000,₦ 0.000,3.0 UNIT(S),0.0 UNIT(S),0.0 UNIT(S),,,,
Product stock history,120480,EYESYTE SURVEILLANCE CAMERS (WITHOUT SOLAR),,ACCESSORIES,,"₦ 172,000.000 View group prices",0.0 UNIT(S),₦ 0.000,₦ 0.000,₦ 0.000,0.0 UNIT(S),0.0 UNIT(S),0.0 UNIT(S),,,,
Product stock history,120961,TECNO POVA NEO (4/64GB),,PHONES,ALAKAHIA CONNECT / LITE,"₦ 91,500.000 View group prices",0.0 UNIT(S),₦ 0.000,₦ 0.000,₦ 0.000,1.0 UNIT(S),0.0 UNIT(S),0.0 UNIT(S),,,,
Product stock history,120964,TECNO SPARK 8C (3/64GB),,PHONES,AWKA CONNECT / LITE,"₦ 70,000.000 View group prices",0.0 UNIT(S),₦ 0.000,₦ 0.000,₦ 0.000,2.0 UNIT(S),0.0 UNIT(S),0.0 UNIT(S),,,,
Product stock history,120965,TECNO POP 6 GO,,PHONES,AWKA CONNECT / LITE,"₦ 54,000.000 View group prices",0.0 UNIT(S),₦ 0.000,₦ 0.000,₦ 0.000,1.0 UNIT(S),0.0 UNIT(S),0.0 UNIT(S),,,,
Product stock history,120968,TECNO SPARK 8P (4/128GB),,PHONES,AWKA CONNECT / LITE,"₦ 85,000.000 View group prices",0.0 UNIT(S),₦ 0.000,₦ 0.000,₦ 0.000,2.0 UNIT(S),0.0 UNIT(S),0.0 UNIT(S),,,,
Product stock history,120970,TECNO 101,,PHONES,AIRPORT CONNECT POINT,"₦ 17,000.000 View group prices",0.0 UNIT(S),₦ 0.000,₦ 0.000,₦ 0.000,26.0 UNIT(S),4.0 UNIT(S),0.0 UNIT(S),,,,
Product stock history,120970,TECNO 101,,PHONES,ALAKAHIA CONNECT / LITE,"₦ 17,000.000 View group prices",0.0 UNIT(S),₦ 0.000,₦ 0.000,₦ 0.000,4.0 UNIT(S),0.0 UNIT(S),0.0 UNIT(S),,,,
Product stock history,120970,TECNO 101,,PHONES,ULAKWO CONNECT POINT,"₦ 17,000.000 View group prices",0.0 UNIT(S),₦ 0.000,₦ 0.000,₦ 0.000,1.0 UNIT(S),0.0 UNIT(S),0.0 UNIT(S),,,,
Product stock history,120970,TECNO 101,,PHONES,IMT CONNECT LITE,"₦ 17,000.000 View group prices",1.0 UNIT(S),"₦ 14,500.000","₦ 17,000.000","₦ 2,500.000",13.0 UNIT(S),0.0 UNIT(S),0.0 UNIT(S),,,,
Product stock history,120970,TECNO 101,,PHONES,OWERRI 2 CONNECT / LITE,"₦ 17,000.000 View group prices",5.0 UNIT(S),"₦ 72,500.000","₦ 85,000.000","₦ 12,500.000",95.0 UNIT(S),0.0 UNIT(S),0.0 UNIT(S),,,,
Product stock history,120970,TECNO 101,,PHONES,AWKA CONNECT / LITE,"₦ 17,000.000 View group prices",17.0 UNIT(S),"₦ 246,500.000","₦ 289,000.000","₦ 42,500.000",46.0 UNIT(S),36.0 UNIT(S),1.0 UNIT(S),,,,
Product stock history,120970,TECNO 101,,PHONES,IMSU CONNECT POINT,"₦ 17,000.000 View group prices",2.0 UNIT(S),"₦ 29,000.000","₦ 34,000.000","₦ 5,000.000",15.0 UNIT(S),0.0 UNIT(S),0.0 UNIT(S),,,,
Product stock history,120970,TECNO 101,,PHONES,ESUT CONNECT POINT,"₦ 17,000.000 View group prices",2.0 UNIT(S),"₦ 12,000.000","₦ 34,000.000","₦ 22,000.000",0.0 UNIT(S),0.0 UNIT(S),0.0 UNIT(S),,,,
Product stock history,120970,TECNO 101,,PHONES,OKIGWE HUB,"₦ 17,000.000 View group prices",4.0 UNIT(S),"₦ 58,000.000","₦ 68,000.000","₦ 10,000.000",3.0 UNIT(S),0.0 UNIT(S),0.0 UNIT(S),,,,
Product stock history,120972,MOTTO C PLUS,,,AIRPORT CONNECT POINT,"₦ 24,500.000 View group prices",0.0 UNIT(S),₦ 0.000,₦ 0.000,₦ 0.000,0.0 UNIT(S),0.0 UNIT(S),1.0 UNIT(S),,,,
Product stock history,120973,INFINIX HOT 12 PLAY,,PHONES,OWERRI 2 CONNECT / LITE,"₦ 110,000.000 View group prices",0.0 UNIT(S),₦ 0.000,₦ 0.000,₦ 0.000,1.0 UNIT(S),0.0 UNIT(S),0.0 UNIT(S),,,,
Product stock history,120974,ITEL 2070,,PHONES,ESUT CONNECT POINT,"₦ 5,000.000 View group prices",1.0 UNIT(S),"₦ 4,000.000","₦ 5,000.000","₦ 1,000.000",0.0 UNIT(S),0.0 UNIT(S),0.0 UNIT(S),,,,
Product stock history,120976,TECNO SPARK 5,,PHONES,ALAKAHIA CONNECT / LITE,"₦ 67,500.000 View group prices",0.0 UNIT(S),₦ 0.000,₦ 0.000,₦ 0.000,1.0 UNIT(S),0.0 UNIT(S),0.0 UNIT(S),,,,
Product stock history,121055,Tecno 352,,PHONES,AWKA CONNECT / LITE,"₦ 12,000.000 View group prices",5.0 UNIT(S),"₦ 91,000.000","₦ 60,000.000","₦ -31,000.000",14.0 UNIT(S),1.0 UNIT(S),0.0 UNIT(S),,,,
Product stock history,121055,Tecno 352,,PHONES,IMSU CONNECT POINT,"₦ 12,000.000 View group prices",0.0 UNIT(S),₦ 0.000,₦ 0.000,₦ 0.000,1.0 UNIT(S),0.0 UNIT(S),0.0 UNIT(S),,,,
Product stock history,121223,RACHAEL MO-MO,,,OWERRI 2 CONNECT / LITE,₦ 1.000 View group prices,"843,389.6 UNIT(S)","₦ 843,389.600","₦ 843,389.600",₦ 0.000,0.0 UNIT(S),0.0 UNIT(S),0.0 UNIT(S),,,,
Product stock history,121266,VTU,,VTU,IGBARIAM CONNECT POINT,₦ 1.000 View group prices,0.0 UNIT(S),₦ 0.000,₦ 0.000,₦ 0.000,"781,100.0 UNIT(S)",0.0 UNIT(S),0.0 UNIT(S),,,,
Product stock history,121266,VTU,,VTU,ONITSHA 2 CONNECT LITE,₦ 1.000 View group prices,"2,747,932.0 UNIT(S)","₦ 2,651,754.380","₦ 2,747,932.000","₦ 96,177.620","5,683,950.0 UNIT(S)","11,050,000.0 UNIT(S)",0.0 UNIT(S),,,,
Product stock history,121266,VTU,,VTU,ALVAN 1 CONNECT POINT,₦ 1.000 View group prices,0.0 UNIT(S),₦ 0.000,₦ 0.000,₦ 0.000,"799,200.0 UNIT(S)",0.0 UNIT(S),0.0 UNIT(S),,,,
Product stock history,121266,VTU,,VTU,MBAITOLI CONNECT POINT,₦ 1.000 View group prices,"50,000.0 UNIT(S)","₦ 48,250.000","₦ 50,000.000","₦ 1,750.000","804,000.0 UNIT(S)",0.0 UNIT(S),0.0 UNIT(S),,,,
Product stock history,121266,VTU,,VTU,IHIALA  CONNECT POINT,₦ 1.000 View group prices,0.0 UNIT(S),₦ 0.000,₦ 0.000,₦ 0.000,"448,200.0 UNIT(S)",0.0 UNIT(S),0.0 UNIT(S),,,,
Product stock history,121266,VTU,,VTU,ULI CONNECT POINT,₦ 1.000 View group prices,"14,400.0 UNIT(S)","₦ 13,896.000","₦ 14,400.000",₦ 504.000,"388,100.0 UNIT(S)",0.0 UNIT(S),0.0 UNIT(S),,,,
Product stock history,121266,VTU,,VTU,OANDO CONNECT POINT,₦ 1.000 View group prices,"42,200.0 UNIT(S)","₦ 40,723.000","₦ 42,200.000","₦ 1,477.000","306,700.0 UNIT(S)",0.0 UNIT(S),0.0 UNIT(S),,,,
Product stock history,121266,VTU,,VTU,STATE SEC CONNECT POINT,₦ 1.000 View group prices,"6,000.0 UNIT(S)","₦ 5,790.000","₦ 6,000.000",₦ 210.000,"947,200.0 UNIT(S)",0.0 UNIT(S),0.0 UNIT(S),,,,
Product stock history,121266,VTU,,VTU,ASABA INPLANT,₦ 1.000 View group prices,0.0 UNIT(S),₦ 0.000,₦ 0.000,₦ 0.000,"7,116,000.0 UNIT(S)","34,000.0 UNIT(S)",0.0 UNIT(S),,,,
Product stock history,121266,VTU,,VTU,IGWURUTA CONNECT POINT,₦ 1.000 View group prices,0.0 UNIT(S),₦ 0.000,₦ 0.000,₦ 0.000,"90,000.0 UNIT(S)",0.0 UNIT(S),0.0 UNIT(S),,,,
Product stock history,121266,VTU,,VTU,OKIGWE CONNECT POINT,₦ 1.000 View group prices,"49,650.0 UNIT(S)","₦ 47,912.250","₦ 49,650.000","₦ 1,737.750","510,350.0 UNIT(S)",0.0 UNIT(S),0.0 UNIT(S),,,,
Product stock history,121266,VTU,,VTU,NEKEDE CONNECT LITE,₦ 1.000 View group prices,0.0 UNIT(S),₦ 0.000,₦ 0.000,₦ 0.000,"310,000.0 UNIT(S)",0.0 UNIT(S),0.0 UNIT(S),,,,
Product stock history,121266,VTU,,VTU,UNIZIK 1,₦ 1.000 View group prices,0.0 UNIT(S),₦ 0.000,₦ 0.000,₦ 0.000,"20,000.0 UNIT(S)",0.0 UNIT(S),0.0 UNIT(S),,,,
Product stock history,121266,VTU,,VTU,AIRPORT CONNECT POINT,₦ 1.000 View group prices,14.7 UNIT(S),"₦ -6,082.334",₦ 14.700,"₦ 6,097.034","22,141,940.3 UNIT(S)",0.0 UNIT(S),0.0 UNIT(S),,,,
Product stock history,121266,VTU,,VTU,ALAKAHIA CONNECT / LITE,₦ 1.000 View group prices,0.0 UNIT(S),₦ 0.000,₦ 0.000,₦ 0.000,"52,361,388.0 UNIT(S)","170,000.0 UNIT(S)",0.0 UNIT(S),,,,
Product stock history,121266,VTU,,VTU,ELELE CONNECT POINT,₦ 1.000 View group prices,0.0 UNIT(S),₦ 0.000,₦ 0.000,₦ 0.000,"83,300.0 UNIT(S)",0.0 UNIT(S),0.0 UNIT(S),,,,
Product stock history,121266,VTU,,VTU,AWKA CONNECT / LITE,₦ 1.000 View group prices,"730,953.0 UNIT(S)","₦ 705,469.645","₦ 730,953.000","₦ 25,483.355","38,675,650.0 UNIT(S)","7,215,001.0 UNIT(S)",0.0 UNIT(S),,,,
Product stock history,121266,VTU,,VTU,IMSU CONNECT POINT,₦ 1.000 View group prices,0.0 UNIT(S),₦ 0.000,₦ 0.000,₦ 0.000,"953,000.0 UNIT(S)",0.0 UNIT(S),0.0 UNIT(S),,,,
Product stock history,121266,VTU,,VTU,UNIZIK 2,₦ 1.000 View group prices,"49,815.0 UNIT(S)","₦ 49,519.940","₦ 49,815.000",₦ 295.060,"2,964,585.0 UNIT(S)",1.0 UNIT(S),0.0 UNIT(S),,,,
Product stock history,121266,VTU,,VTU,ULAKWO CONNECT POINT,₦ 1.000 View group prices,"4,500.0 UNIT(S)","₦ 4,342.500","₦ 4,500.000",₦ 157.500,"631,300.0 UNIT(S)",0.0 UNIT(S),0.0 UNIT(S),,,,
Product stock history,121266,VTU,,VTU,IMT CONNECT LITE,₦ 1.000 View group prices,0.0 UNIT(S),₦ 0.000,₦ 0.000,₦ 0.000,"168,700.0 UNIT(S)","20,000.0 UNIT(S)",0.0 UNIT(S),,,,
Product stock history,121266,VTU,,VTU,OKO CONNECT POINT,₦ 1.000 View group prices,"13,530.0 UNIT(S)","₦ 13,056.450","₦ 13,530.000",₦ 473.550,"1,822,850.0 UNIT(S)",0.0 UNIT(S),0.0 UNIT(S),,,,
Product stock history,121266,VTU,,VTU,OWERRI 2 CONNECT / LITE,₦ 1.000 View group prices,"1,473,800.0 UNIT(S)","₦ 1,422,217.000","₦ 1,473,800.000","₦ 51,583.000","46,472,200.0 UNIT(S)","500,000.0 UNIT(S)",0.0 UNIT(S),,,,
Product stock history,121266,VTU,,VTU,ALVAN 2 CONNECT POINT,₦ 1.000 View group prices,0.0 UNIT(S),₦ 0.000,₦ 0.000,₦ 0.000,0.0 UNIT(S),0.0 UNIT(S),0.0 UNIT(S),,,,
Product stock history,121266,VTU,,VTU,OKIGWE HUB,₦ 1.000 View group prices,"2,683,500.0 UNIT(S)","₦ 2,589,577.500","₦ 2,683,500.000","₦ 93,922.500","14,009,300.0 UNIT(S)","1,150,000.0 UNIT(S)",0.0 UNIT(S),,,,
Product stock history,121266,VTU,,VTU,ESUT CONNECT POINT,₦ 1.000 View group prices,"33,600.0 UNIT(S)","₦ 32,424.000","₦ 33,600.000","₦ 1,176.000","1,699,600.0 UNIT(S)",0.0 UNIT(S),0.0 UNIT(S),,,,
Product stock history,121964,ITEL A18,,PHONES,AWKA CONNECT / LITE,"₦ 28,500.000 View group prices",0.0 UNIT(S),₦ 0.000,₦ 0.000,₦ 0.000,8.0 UNIT(S),1.0 UNIT(S),0.0 UNIT(S),,,,
Product stock history,121964,ITEL A18,,PHONES,UNIZIK 2,"₦ 28,500.000 View group prices",0.0 UNIT(S),₦ 0.000,₦ 0.000,₦ 0.000,1.0 UNIT(S),0.0 UNIT(S),0.0 UNIT(S),,,,
Product stock history,135860,Tecno 467,,PHONES,IMSU CONNECT POINT,"₦ 33,000.000 View group prices",0.0 UNIT(S),₦ 0.000,₦ 0.000,₦ 0.000,1.0 UNIT(S),0.0 UNIT(S),0.0 UNIT(S),,,,
Product stock history,135860,Tecno 467,,PHONES,AWKA CONNECT / LITE,"₦ 33,000.000 View group prices",0.0 UNIT(S),₦ 0.000,₦ 0.000,₦ 0.000,8.0 UNIT(S),1.0 UNIT(S),0.0 UNIT(S),,,,
Product stock history,173585,ITEL 2166,,PHONES,OWERRI 2 CONNECT / LITE,"₦ 15,000.000 View group prices",0.0 UNIT(S),₦ 0.000,₦ 0.000,₦ 0.000,60.0 UNIT(S),0.0 UNIT(S),0.0 UNIT(S),,,,
Product stock history,173585,ITEL 2166,,PHONES,AWKA CONNECT / LITE,"₦ 15,000.000 View group prices",0.0 UNIT(S),₦ 0.000,₦ 0.000,₦ 0.000,36.0 UNIT(S),6.0 UNIT(S),0.0 UNIT(S),,,,
Product stock history,173585,ITEL 2166,,PHONES,IMSU CONNECT POINT,"₦ 15,000.000 View group prices",0.0 UNIT(S),₦ 0.000,₦ 0.000,₦ 0.000,2.0 UNIT(S),0.0 UNIT(S),0.0 UNIT(S),,,,
Product stock history,173585,ITEL 2166,,PHONES,ULAKWO CONNECT POINT,"₦ 15,000.000 View group prices",0.0 UNIT(S),₦ 0.000,₦ 0.000,₦ 0.000,2.0 UNIT(S),0.0 UNIT(S),0.0 UNIT(S),,,,
Product stock history,173585,ITEL 2166,,PHONES,UNIZIK 1,"₦ 15,000.000 View group prices",0.0 UNIT(S),₦ 0.000,₦ 0.000,₦ 0.000,1.0 UNIT(S),0.0 UNIT(S),0.0 UNIT(S),,,,
Product stock history,173585,ITEL 2166,,PHONES,IMT CONNECT LITE,"₦ 15,000.000 View group prices",0.0 UNIT(S),₦ 0.000,₦ 0.000,₦ 0.000,1.0 UNIT(S),0.0 UNIT(S),0.0 UNIT(S),,,,
Product stock history,173590,ITEL A70,,PHONES,OWERRI 2 CONNECT / LITE,"₦ 89,000.000 View group prices",0.0 UNIT(S),₦ 0.000,₦ 0.000,₦ 0.000,2.0 UNIT(S),0.0 UNIT(S),0.0 UNIT(S),,,,
Product stock history,176505,INFINIX SMART8 (1/64),,PHONES,AWKA CONNECT / LITE,"₦ 120,000.000 View group prices",0.0 UNIT(S),₦ 0.000,₦ 0.000,₦ 0.000,3.0 UNIT(S),1.0 UNIT(S),0.0 UNIT(S),,,,
Product stock history,176505,INFINIX SMART8 (1/64),,PHONES,UNIZIK 1,"₦ 120,000.000 View group prices",0.0 UNIT(S),₦ 0.000,₦ 0.000,₦ 0.000,1.0 UNIT(S),0.0 UNIT(S),0.0 UNIT(S),,,,
Product stock history,176506,INFINIX SMART8 (4/128),,PHONES,AWKA CONNECT / LITE,"₦ 132,000.000 View group prices",0.0 UNIT(S),₦ 0.000,₦ 0.000,₦ 0.000,1.0 UNIT(S),1.0 UNIT(S),0.0 UNIT(S),,,,
Product stock history,176506,INFINIX SMART8 (4/128),,PHONES,UNIZIK 1,"₦ 132,000.000 View group prices",0.0 UNIT(S),₦ 0.000,₦ 0.000,₦ 0.000,1.0 UNIT(S),0.0 UNIT(S),0.0 UNIT(S),,,,
Product stock history,179467,ITEL 2176,,PHONES,OWERRI 2 CONNECT / LITE,"₦ 16,000.000 View group prices",0.0 UNIT(S),₦ 0.000,₦ 0.000,₦ 0.000,30.0 UNIT(S),0.0 UNIT(S),0.0 UNIT(S),,,,
Product stock history,179467,ITEL 2176,,PHONES,AWKA CONNECT / LITE,"₦ 16,000.000 View group prices",0.0 UNIT(S),₦ 0.000,₦ 0.000,₦ 0.000,8.0 UNIT(S),2.0 UNIT(S),0.0 UNIT(S),,,,
Product stock history,179467,ITEL 2176,,PHONES,OKIGWE HUB,"₦ 16,000.000 View group prices",0.0 UNIT(S),₦ 0.000,₦ 0.000,₦ 0.000,2.0 UNIT(S),0.0 UNIT(S),0.0 UNIT(S),,,,
Product stock history,179468,ITEL 5609,,PHONES,OWERRI 2 CONNECT / LITE,"₦ 20,000.000 View group prices",0.0 UNIT(S),₦ 0.000,₦ 0.000,₦ 0.000,5.0 UNIT(S),0.0 UNIT(S),0.0 UNIT(S),,,,
Product stock history,209588,TECNO 352,,PHONES,OWERRI 2 CONNECT / LITE,"₦ 16,000.000 View group prices",0.0 UNIT(S),₦ 0.000,₦ 0.000,₦ 0.000,15.0 UNIT(S),0.0 UNIT(S),0.0 UNIT(S),,,,
Product stock history,209588,TECNO 352,,PHONES,AWKA CONNECT / LITE,"₦ 16,000.000 View group prices",0.0 UNIT(S),₦ 0.000,₦ 0.000,₦ 0.000,5.0 UNIT(S),0.0 UNIT(S),0.0 UNIT(S),,,,
Product stock history,209592,ITEL 2311,,PHONES,OWERRI 2 CONNECT / LITE,"₦ 15,500.000 View group prices",0.0 UNIT(S),₦ 0.000,₦ 0.000,₦ 0.000,5.0 UNIT(S),0.0 UNIT(S),0.0 UNIT(S),,,,
Product stock history,240860,EYESYTE BATTERY CAMERA,,ACCESSORIES,HEAD OFFICE,₦ 0.000 View group prices,0.0 UNIT(S),₦ 0.000,₦ 0.000,₦ 0.000,0.0 UNIT(S),1.0 UNIT(S),0.0 UNIT(S),,,,
Product stock history,240860,EYESYTE BATTERY CAMERA,,ACCESSORIES,EBU AWKA,₦ 0.000 View group prices,1.0 UNIT(S),"₦ 72,558.140",₦ 0.000,"₦ -72,558.140",0.0 UNIT(S),0.0 UNIT(S),0.0 UNIT(S),,,,
Product stock history,241673,ITEL 2165,,PHONES,AWKA CONNECT / LITE,"₦ 12,000.000 View group prices",0.0 UNIT(S),₦ 0.000,₦ 0.000,₦ 0.000,14.0 UNIT(S),6.0 UNIT(S),0.0 UNIT(S),,,,
Product stock history,241673,ITEL 2165,,PHONES,IMSU CONNECT POINT,"₦ 12,000.000 View group prices",0.0 UNIT(S),₦ 0.000,₦ 0.000,₦ 0.000,2.0 UNIT(S),0.0 UNIT(S),0.0 UNIT(S),,,,
Product stock history,241673,ITEL 2165,,PHONES,IMT CONNECT LITE,"₦ 12,000.000 View group prices",0.0 UNIT(S),₦ 0.000,₦ 0.000,₦ 0.000,2.0 UNIT(S),0.0 UNIT(S),0.0 UNIT(S),,,,
Product stock history,241673,ITEL 2165,,PHONES,ULAKWO CONNECT POINT,"₦ 12,000.000 View group prices",0.0 UNIT(S),₦ 0.000,₦ 0.000,₦ 0.000,2.0 UNIT(S),0.0 UNIT(S),0.0 UNIT(S),,,,
Product stock history,241673,ITEL 2165,,PHONES,OWERRI 2 CONNECT / LITE,"₦ 12,000.000 View group prices",9.0 UNIT(S),"₦ 94,500.000","₦ 108,000.000","₦ 13,500.000",11.0 UNIT(S),0.0 UNIT(S),0.0 UNIT(S),,,,
Product stock history,241675,INFINIX SMART 9(3/128),,PHONES,AWKA CONNECT / LITE,"₦ 140,000.000 View group prices",1.0 UNIT(S),"₦ 140,900.000","₦ 140,000.000",₦ -900.000,1.0 UNIT(S),0.0 UNIT(S),0.0 UNIT(S),,,,
Product stock history,245322,ITEL 5082,,PHONES,OWERRI 2 CONNECT / LITE,"₦ 22,000.000 View group prices",0.0 UNIT(S),₦ 0.000,₦ 0.000,₦ 0.000,5.0 UNIT(S),0.0 UNIT(S),0.0 UNIT(S),,,,
Product stock history,245323,TECNO 302,,PHONES,OWERRI 2 CONNECT / LITE,"₦ 20,000.000 View group prices",0.0 UNIT(S),₦ 0.000,₦ 0.000,₦ 0.000,14.0 UNIT(S),0.0 UNIT(S),0.0 UNIT(S),,,,
Product stock history,245323,TECNO 302,,PHONES,IMSU CONNECT POINT,"₦ 20,000.000 View group prices",2.0 UNIT(S),"₦ 35,400.000","₦ 40,000.000","₦ 4,600.000",0.0 UNIT(S),0.0 UNIT(S),0.0 UNIT(S),,,,
Product stock history,245323,TECNO 302,,PHONES,AWKA CONNECT / LITE,"₦ 20,000.000 View group prices",2.0 UNIT(S),"₦ 32,400.000","₦ 40,000.000","₦ 7,600.000",28.0 UNIT(S),5.0 UNIT(S),0.0 UNIT(S),,,,
Product stock history,245323,TECNO 302,,PHONES,IMT CONNECT LITE,"₦ 20,000.000 View group prices",0.0 UNIT(S),₦ 0.000,₦ 0.000,₦ 0.000,3.0 UNIT(S),0.0 UNIT(S),0.0 UNIT(S),,,,
Product stock history,247200,TECNO SPARK 30C(4/128GB),,PHONES,AWKA CONNECT / LITE,"₦ 158,000.000 View group prices",0.0 UNIT(S),₦ 0.000,₦ 0.000,₦ 0.000,1.0 UNIT(S),0.0 UNIT(S),0.0 UNIT(S),,,,
Product stock history,247201,INFINIX HOT 50i (4/128gb),,PHONES,AWKA CONNECT / LITE,"₦ 158,000.000 View group prices",2.0 UNIT(S),"₦ 303,300.000","₦ 316,000.000","₦ 12,700.000",1.0 UNIT(S),0.0 UNIT(S),0.0 UNIT(S),,,,
Product stock history,249196,MOMO HEAD OFFICE,,MOMO,ALVAN 1 CONNECT POINT,₦ 100.000 View group prices,187.5 UNIT(S),"₦ 18,748.550","₦ 18,750.000",₦ 1.450,"9,839.0 UNIT(S)",873.5 UNIT(S),0.0 UNIT(S),,,,
Product stock history,249196,MOMO HEAD OFFICE,,MOMO,IGWURUTA CONNECT POINT,₦ 100.000 View group prices,506.0 UNIT(S),"₦ 50,600.000","₦ 50,600.000",₦ 0.000,"4,494.0 UNIT(S)",0.0 UNIT(S),0.0 UNIT(S),,,,
Product stock history,249196,MOMO HEAD OFFICE,,MOMO,ELELE CONNECT POINT,₦ 100.000 View group prices,"1,770.0 UNIT(S)","₦ 177,000.000","₦ 177,000.000",₦ 0.000,"6,230.0 UNIT(S)",0.0 UNIT(S),0.0 UNIT(S),,,,
Product stock history,249196,MOMO HEAD OFFICE,,MOMO,ALVAN 2 CONNECT POINT,₦ 100.000 View group prices,185.0 UNIT(S),"₦ 18,501.450","₦ 18,500.000",₦ -1.450,"2,618.5 UNIT(S)",270.0 UNIT(S),0.0 UNIT(S),,,,
Product stock history,249196,MOMO HEAD OFFICE,,MOMO,OKIGWE CONNECT POINT,₦ 100.000 View group prices,495.0 UNIT(S),"₦ 49,500.000","₦ 49,500.000",₦ 0.000,"2,705.0 UNIT(S)",0.0 UNIT(S),0.0 UNIT(S),,,,
Product stock history,249196,MOMO HEAD OFFICE,,MOMO,MBAITOLI CONNECT POINT,₦ 100.000 View group prices,386.0 UNIT(S),"₦ 38,600.000","₦ 38,600.000",₦ 0.000,"10,114.0 UNIT(S)",0.0 UNIT(S),0.0 UNIT(S),,,,
Product stock history,249196,MOMO HEAD OFFICE,,MOMO,OKIGWE HUB,₦ 100.000 View group prices,778.0 UNIT(S),"₦ 77,800.000","₦ 77,800.000",₦ 0.000,"9,223.5 UNIT(S)",0.0 UNIT(S),0.0 UNIT(S),,,,
Product stock history,249196,MOMO HEAD OFFICE,,MOMO,IHIALA  CONNECT POINT,₦ 100.000 View group prices,"1,856.0 UNIT(S)","₦ 185,600.000","₦ 185,600.000",₦ 0.000,"8,441.0 UNIT(S)",0.0 UNIT(S),0.0 UNIT(S),,,,
Product stock history,249196,MOMO HEAD OFFICE,,MOMO,IGBARIAM CONNECT POINT,₦ 100.000 View group prices,315.5 UNIT(S),"₦ 31,550.000","₦ 31,550.000",₦ 0.000,"1,684.5 UNIT(S)",0.0 UNIT(S),0.0 UNIT(S),,,,
Product stock history,249196,MOMO HEAD OFFICE,,MOMO,EBU AWKA,₦ 100.000 View group prices,"1,500.0 UNIT(S)","₦ 150,000.000","₦ 150,000.000",₦ 0.000,"26,004.5 UNIT(S)",0.0 UNIT(S),0.0 UNIT(S),,,,
Product stock history,249196,MOMO HEAD OFFICE,,MOMO,ULI CONNECT POINT,₦ 100.000 View group prices,0.0 UNIT(S),₦ 0.000,₦ 0.000,₦ 0.000,"2,703.0 UNIT(S)",297.0 UNIT(S),0.0 UNIT(S),,,,
Product stock history,249196,MOMO HEAD OFFICE,,MOMO,OWERRI 2 CONNECT / LITE,₦ 100.000 View group prices,"5,236.0 UNIT(S)","₦ 523,600.000","₦ 523,600.000",₦ 0.000,"45,391.5 UNIT(S)","2,900.0 UNIT(S)",0.0 UNIT(S),,,,
Product stock history,249196,MOMO HEAD OFFICE,,MOMO,OKO CONNECT POINT,₦ 100.000 View group prices,524.0 UNIT(S),"₦ 52,400.000","₦ 52,400.000",₦ 0.000,"1,976.0 UNIT(S)",0.0 UNIT(S),0.0 UNIT(S),,,,
Product stock history,249196,MOMO HEAD OFFICE,,MOMO,UNIZIK 2,₦ 100.000 View group prices,0.0 UNIT(S),₦ 0.000,₦ 0.000,₦ 0.000,0.0 UNIT(S),0.0 UNIT(S),0.0 UNIT(S),,,,
Product stock history,249196,MOMO HEAD OFFICE,,MOMO,AWKA CONNECT / LITE,₦ 100.000 View group prices,"11,193.5 UNIT(S)","₦ 1,119,350.000","₦ 1,119,350.000",₦ 0.000,"51,950.5 UNIT(S)","36,900.0 UNIT(S)",0.0 UNIT(S),,,,
Product stock history,249196,MOMO HEAD OFFICE,,MOMO,ESUT CONNECT POINT,₦ 100.000 View group prices,0.0 UNIT(S),₦ 0.000,₦ 0.000,₦ 0.000,500.0 UNIT(S),0.0 UNIT(S),0.0 UNIT(S),,,,
Product stock history,249196,MOMO HEAD OFFICE,,MOMO,IMT CONNECT LITE,₦ 100.000 View group prices,140.2 UNIT(S),"₦ 14,019.750","₦ 14,020.000",₦ 0.250,"1,559.8 UNIT(S)",0.0 UNIT(S),0.0 UNIT(S),,,,
Product stock history,249196,MOMO HEAD OFFICE,,MOMO,UMUAGWO CONNECT POINT,₦ 100.000 View group prices,490.0 UNIT(S),"₦ 49,000.000","₦ 49,000.000",₦ 0.000,"1,760.0 UNIT(S)",0.0 UNIT(S),0.0 UNIT(S),,,,
Product stock history,249196,MOMO HEAD OFFICE,,MOMO,STATE SEC CONNECT POINT,₦ 100.000 View group prices,407.0 UNIT(S),"₦ 40,700.000","₦ 40,700.000",₦ 0.000,"3,243.0 UNIT(S)",0.0 UNIT(S),0.0 UNIT(S),,,,
Product stock history,249196,MOMO HEAD OFFICE,,MOMO,AIRPORT CONNECT POINT,₦ 100.000 View group prices,637.0 UNIT(S),"₦ 63,700.000","₦ 63,700.000",₦ 0.000,"38,363.0 UNIT(S)",0.0 UNIT(S),0.0 UNIT(S),,,,
Product stock history,249196,MOMO HEAD OFFICE,,MOMO,IMSU CONNECT POINT,₦ 100.000 View group prices,427.0 UNIT(S),"₦ 42,700.000","₦ 42,700.000",₦ 0.000,"6,973.0 UNIT(S)",0.0 UNIT(S),0.0 UNIT(S),,,,
Product stock history,249196,MOMO HEAD OFFICE,,MOMO,ULAKWO CONNECT POINT,₦ 100.000 View group prices,367.0 UNIT(S),"₦ 36,700.000","₦ 36,700.000",₦ 0.000,"6,733.0 UNIT(S)",0.0 UNIT(S),0.0 UNIT(S),,,,
Product stock history,249196,MOMO HEAD OFFICE,,MOMO,NEKEDE CONNECT LITE,₦ 100.000 View group prices,150.0 UNIT(S),"₦ 15,000.000","₦ 15,000.000",₦ 0.000,"7,750.0 UNIT(S)",0.0 UNIT(S),0.0 UNIT(S),,,,
Product stock history,249196,MOMO HEAD OFFICE,,MOMO,OANDO CONNECT POINT,₦ 100.000 View group prices,174.5 UNIT(S),"₦ 17,450.000","₦ 17,450.000",₦ 0.000,"1,325.5 UNIT(S)",0.0 UNIT(S),0.0 UNIT(S),,,,
Product stock history,249196,MOMO HEAD OFFICE,,MOMO,UNIZIK 1,₦ 100.000 View group prices,547.0 UNIT(S),"₦ 54,700.000","₦ 54,700.000",₦ 0.000,"10,153.0 UNIT(S)",0.0 UNIT(S),0.0 UNIT(S),,,,
Product stock history,249196,MOMO HEAD OFFICE,,MOMO,ONITSHA 2 CONNECT LITE,₦ 100.000 View group prices,"10,291.0 UNIT(S)","₦ 1,029,100.000","₦ 1,029,100.000",₦ 0.000,"48,129.0 UNIT(S)","44,700.0 UNIT(S)",0.0 UNIT(S),,,,
Product stock history,249196,MOMO HEAD OFFICE,,MOMO,ALAKAHIA CONNECT / LITE,₦ 100.000 View group prices,"7,190.0 UNIT(S)","₦ 719,000.000","₦ 719,000.000",₦ 0.000,"94,832.0 UNIT(S)","13,000.0 UNIT(S)",0.0 UNIT(S),,,,
Product stock history,249196,MOMO HEAD OFFICE,,MOMO,HEAD OFFICE,₦ 100.000 View group prices,0.0 UNIT(S),₦ 0.000,₦ 0.000,₦ 0.000,"31,689.0 UNIT(S)",0.0 UNIT(S),0.0 UNIT(S),,,,
Product stock history,261734,SAMSUNG A1659 (4/128)GB,,PHONES,OWERRI 2 CONNECT / LITE,"₦ 280,000.000 View group prices",1.0 UNIT(S),"₦ 267,900.000","₦ 280,000.000","₦ 12,100.000",0.0 UNIT(S),0.0 UNIT(S),0.0 UNIT(S),,,,
Product stock history,453768,itel 6350,,PHONES,OWERRI 2 CONNECT / LITE,"₦ 17,000.000 View group prices",1.0 UNIT(S),"₦ 15,300.000","₦ 17,000.000","₦ 1,700.000",9.0 UNIT(S),0.0 UNIT(S),0.0 UNIT(S),,,,
Product stock history,LOGICAL 100,N100,,LOGICALS,ONITSHA 2 CONNECT LITE,₦ 100.000 View group prices,"6,688.0 UNIT(S)","₦ 645,371.936","₦ 668,800.000","₦ 23,428.064","151,083.0 UNIT(S)","61,100.0 UNIT(S)",0.0 UNIT(S),,,,
Product stock history,LOGICAL 100,N100,,LOGICALS,ALAKAHIA CONNECT / LITE,₦ 100.000 View group prices,"39,000.0 UNIT(S)","₦ 3,771,335.000","₦ 3,900,000.000","₦ 128,665.000","490,779.0 UNIT(S)","78,271.0 UNIT(S)","1,000.0 UNIT(S)",,,,
Product stock history,LOGICAL 100,N100,,LOGICALS,OKIGWE HUB,₦ 100.000 View group prices,"1,280.0 UNIT(S)","₦ 123,516.160","₦ 128,000.000","₦ 4,483.840","10,220.0 UNIT(S)",0.0 UNIT(S),0.0 UNIT(S),,,,
Product stock history,LOGICAL 100,N100,,LOGICALS,AWKA CONNECT / LITE,₦ 100.000 View group prices,"1,000.0 UNIT(S)","₦ 96,497.000","₦ 100,000.000","₦ 3,503.000","35,260.0 UNIT(S)","52,575.0 UNIT(S)",0.0 UNIT(S),,,,
Product stock history,LOGICAL 100,N100,,LOGICALS,UMUAKA CONNECT POINT,₦ 100.000 View group prices,0.0 UNIT(S),₦ 0.000,₦ 0.000,₦ 0.000,"4,707.0 UNIT(S)",583.0 UNIT(S),0.0 UNIT(S),,,,
Product stock history,LOGICAL 100,N100,,LOGICALS,ALVAN 2 CONNECT POINT,₦ 100.000 View group prices,65.0 UNIT(S),"₦ 6,272.305","₦ 6,500.000",₦ 227.695,"6,275.0 UNIT(S)",750.0 UNIT(S),0.0 UNIT(S),,,,
Product stock history,LOGICAL 100,N100,,LOGICALS,OKO CONNECT POINT,₦ 100.000 View group prices,623.0 UNIT(S),"₦ 60,117.631","₦ 62,300.000","₦ 2,182.369","5,343.0 UNIT(S)",0.0 UNIT(S),7.0 UNIT(S),,,,
Product stock history,LOGICAL 100,N100,,LOGICALS,STATE SEC CONNECT POINT,₦ 100.000 View group prices,817.0 UNIT(S),"₦ 78,837.098","₦ 81,700.000","₦ 2,862.902","15,038.0 UNIT(S)",0.0 UNIT(S),0.0 UNIT(S),,,,
Product stock history,LOGICAL 100,N100,,LOGICALS,OANDO CONNECT POINT,₦ 100.000 View group prices,618.0 UNIT(S),"₦ 59,635.092","₦ 61,800.000","₦ 2,164.908","9,733.0 UNIT(S)",0.0 UNIT(S),0.0 UNIT(S),,,,
Product stock history,LOGICAL 100,N100,,LOGICALS,ULI CONNECT POINT,₦ 100.000 View group prices,496.0 UNIT(S),"₦ 47,862.512","₦ 49,600.000","₦ 1,737.488","16,009.0 UNIT(S)",0.0 UNIT(S),0.0 UNIT(S),,,,
Product stock history,LOGICAL 100,N100,,LOGICALS,IHIALA  CONNECT POINT,₦ 100.000 View group prices,940.0 UNIT(S),"₦ 90,707.180","₦ 94,000.000","₦ 3,292.820","37,000.0 UNIT(S)",500.0 UNIT(S),0.0 UNIT(S),,,,
Product stock history,LOGICAL 100,N100,,LOGICALS,MBAITOLI CONNECT POINT,₦ 100.000 View group prices,778.0 UNIT(S),"₦ 75,074.666","₦ 77,800.000","₦ 2,725.334","25,108.0 UNIT(S)",200.0 UNIT(S),0.0 UNIT(S),,,,
Product stock history,LOGICAL 100,N100,,LOGICALS,ALVAN 1 CONNECT POINT,₦ 100.000 View group prices,493.0 UNIT(S),"₦ 48,248.500","₦ 49,300.000","₦ 1,051.500","14,160.0 UNIT(S)",600.0 UNIT(S),0.0 UNIT(S),,,,
Product stock history,LOGICAL 100,N100,,LOGICALS,UNIZIK 2,₦ 100.000 View group prices,69.0 UNIT(S),"₦ 6,654.814","₦ 6,900.000",₦ 245.186,"2,511.0 UNIT(S)",0.0 UNIT(S),-20.0 UNIT(S),,,,
Product stock history,LOGICAL 100,N100,,LOGICALS,IGBARIAM CONNECT POINT,₦ 100.000 View group prices,853.0 UNIT(S),"₦ 82,311.042","₦ 85,300.000","₦ 2,988.958","5,219.0 UNIT(S)",0.0 UNIT(S),0.0 UNIT(S),,,,
Product stock history,LOGICAL 100,N100,,LOGICALS,AIRPORT CONNECT POINT,₦ 100.000 View group prices,"10,400.0 UNIT(S)","₦ 1,042,173.400","₦ 1,040,000.000","₦ -2,173.400","62,853.0 UNIT(S)","97,850.0 UNIT(S)",300.0 UNIT(S),,,,
Product stock history,LOGICAL 100,N100,,LOGICALS,UMUAGWO CONNECT POINT,₦ 100.000 View group prices,"1,030.0 UNIT(S)","₦ 99,390.920","₦ 103,000.000","₦ 3,609.080","5,970.0 UNIT(S)",0.0 UNIT(S),0.0 UNIT(S),,,,
Product stock history,LOGICAL 100,N100,,LOGICALS,IGWURUTA CONNECT POINT,₦ 100.000 View group prices,"4,210.0 UNIT(S)","₦ 406,258.290","₦ 421,000.000","₦ 14,741.710","29,440.0 UNIT(S)",0.0 UNIT(S),0.0 UNIT(S),,,,
Product stock history,LOGICAL 100,N100,,LOGICALS,ELELE CONNECT POINT,₦ 100.000 View group prices,"1,550.0 UNIT(S)","₦ 149,571.900","₦ 155,000.000","₦ 5,428.100","27,500.0 UNIT(S)",0.0 UNIT(S),0.0 UNIT(S),,,,
Product stock history,LOGICAL 100,N100,,LOGICALS,IMSU CONNECT POINT,₦ 100.000 View group prices,570.0 UNIT(S),"₦ 55,003.290","₦ 57,000.000","₦ 1,996.710","12,085.0 UNIT(S)","1,550.0 UNIT(S)",0.0 UNIT(S),,,,
Product stock history,LOGICAL 100,N100,,LOGICALS,ULAKWO CONNECT POINT,₦ 100.000 View group prices,390.0 UNIT(S),"₦ 37,633.830","₦ 39,000.000","₦ 1,366.170","9,081.0 UNIT(S)",0.0 UNIT(S),0.0 UNIT(S),,,,
Product stock history,LOGICAL 100,N100,,LOGICALS,NEKEDE CONNECT LITE,₦ 100.000 View group prices,433.0 UNIT(S),"₦ 41,782.802","₦ 43,300.000","₦ 1,517.198","14,760.0 UNIT(S)",650.0 UNIT(S),0.0 UNIT(S),,,,
Product stock history,LOGICAL 100,N100,,LOGICALS,ESUT CONNECT POINT,₦ 100.000 View group prices,0.0 UNIT(S),₦ 0.000,₦ 0.000,₦ 0.000,"5,030.0 UNIT(S)",0.0 UNIT(S),0.0 UNIT(S),,,,
Product stock history,LOGICAL 100,N100,,LOGICALS,IMT CONNECT LITE,₦ 100.000 View group prices,32.0 UNIT(S),"₦ 3,087.936","₦ 3,200.000",₦ 112.064,"11,588.0 UNIT(S)",100.0 UNIT(S),0.0 UNIT(S),,,,
Product stock history,LOGICAL 100,N100,,LOGICALS,OKIGWE CONNECT POINT,₦ 100.000 View group prices,"1,490.0 UNIT(S)","₦ 143,780.530","₦ 149,000.000","₦ 5,219.470","14,880.0 UNIT(S)",700.0 UNIT(S),0.0 UNIT(S),,,,
Product stock history,LOGICAL 100,N100,,LOGICALS,UNIZIK 1,₦ 100.000 View group prices,408.0 UNIT(S),"₦ 39,370.776","₦ 40,800.000","₦ 1,429.224","3,345.0 UNIT(S)",0.0 UNIT(S),0.0 UNIT(S),,,,
Product stock history,LOGICAL 1000,N1000,,LOGICALS,ALVAN 1 CONNECT POINT,"₦ 1,000.000 View group prices",102.0 UNIT(S),"₦ 105,184.564","₦ 102,000.000","₦ -3,184.564","2,865.0 UNIT(S)",0.0 UNIT(S),0.0 UNIT(S),,,,
Product stock history,LOGICAL 1000,N1000,,LOGICALS,IHIALA  CONNECT POINT,"₦ 1,000.000 View group prices",254.0 UNIT(S),"₦ 245,106.676","₦ 254,000.000","₦ 8,893.324","1,887.0 UNIT(S)",0.0 UNIT(S),0.0 UNIT(S),,,,
Product stock history,LOGICAL 1000,N1000,,LOGICALS,MBAITOLI CONNECT POINT,"₦ 1,000.000 View group prices",227.0 UNIT(S),"₦ 219,054.092","₦ 227,000.000","₦ 7,945.908","4,557.0 UNIT(S)",250.0 UNIT(S),0.0 UNIT(S),,,,
Product stock history,LOGICAL 1000,N1000,,LOGICALS,ULI CONNECT POINT,"₦ 1,000.000 View group prices",87.0 UNIT(S),"₦ 83,954.652","₦ 87,000.000","₦ 3,045.348","1,037.0 UNIT(S)",0.0 UNIT(S),0.0 UNIT(S),,,,
Product stock history,LOGICAL 1000,N1000,,LOGICALS,OANDO CONNECT POINT,"₦ 1,000.000 View group prices",90.0 UNIT(S),"₦ 86,849.640","₦ 90,000.000","₦ 3,150.360","1,658.0 UNIT(S)",0.0 UNIT(S),0.0 UNIT(S),,,,
Product stock history,LOGICAL 1000,N1000,,LOGICALS,STATE SEC CONNECT POINT,"₦ 1,000.000 View group prices",172.0 UNIT(S),"₦ 165,979.312","₦ 172,000.000","₦ 6,020.688","2,846.0 UNIT(S)",0.0 UNIT(S),0.0 UNIT(S),,,,
Product stock history,LOGICAL 1000,N1000,,LOGICALS,OKO CONNECT POINT,"₦ 1,000.000 View group prices",32.0 UNIT(S),"₦ 30,879.808","₦ 32,000.000","₦ 1,120.192","1,716.0 UNIT(S)",0.0 UNIT(S),0.0 UNIT(S),,,,
Product stock history,LOGICAL 1000,N1000,,LOGICALS,ALVAN 2 CONNECT POINT,"₦ 1,000.000 View group prices",0.0 UNIT(S),₦ 0.000,₦ 0.000,₦ 0.000,"1,333.0 UNIT(S)",570.0 UNIT(S),0.0 UNIT(S),,,,
Product stock history,LOGICAL 1000,N1000,,LOGICALS,UMUAKA CONNECT POINT,"₦ 1,000.000 View group prices",0.0 UNIT(S),₦ 0.000,₦ 0.000,₦ 0.000,353.0 UNIT(S),139.0 UNIT(S),0.0 UNIT(S),,,,
Product stock history,LOGICAL 1000,N1000,,LOGICALS,AWKA CONNECT / LITE,"₦ 1,000.000 View group prices",600.0 UNIT(S),"₦ 578,995.965","₦ 600,000.000","₦ 21,004.035","11,340.0 UNIT(S)","19,030.0 UNIT(S)",0.0 UNIT(S),,,,
Product stock history,LOGICAL 1000,N1000,,LOGICALS,IGWURUTA CONNECT POINT,"₦ 1,000.000 View group prices",167.0 UNIT(S),"₦ 161,154.499","₦ 167,000.000","₦ 5,845.501",273.0 UNIT(S),0.0 UNIT(S),0.0 UNIT(S),,,,
Product stock history,LOGICAL 1000,N1000,,LOGICALS,OKIGWE HUB,"₦ 1,000.000 View group prices",0.0 UNIT(S),₦ 0.000,₦ 0.000,₦ 0.000,650.0 UNIT(S),0.0 UNIT(S),0.0 UNIT(S),,,,
Product stock history,LOGICAL 1000,N1000,,LOGICALS,OWERRI 2 CONNECT / LITE,"₦ 1,000.000 View group prices","2,845.0 UNIT(S)","₦ 2,745,416.465","₦ 2,845,000.000","₦ 99,583.535","21,155.0 UNIT(S)",0.0 UNIT(S),0.0 UNIT(S),,,,
Product stock history,LOGICAL 1000,N1000,,LOGICALS,UMUAGWO CONNECT POINT,"₦ 1,000.000 View group prices",200.0 UNIT(S),"₦ 192,999.200","₦ 200,000.000","₦ 7,000.800",790.0 UNIT(S),50.0 UNIT(S),0.0 UNIT(S),,,,
Product stock history,LOGICAL 1000,N1000,,LOGICALS,IGBARIAM CONNECT POINT,"₦ 1,000.000 View group prices",105.0 UNIT(S),"₦ 101,324.630","₦ 105,000.000","₦ 3,675.370",997.0 UNIT(S),0.0 UNIT(S),0.0 UNIT(S),,,,
Product stock history,LOGICAL 1000,N1000,,LOGICALS,ALAKAHIA CONNECT / LITE,"₦ 1,000.000 View group prices","2,000.0 UNIT(S)","₦ 1,957,992.310","₦ 2,000,000.000","₦ 42,007.690","19,782.0 UNIT(S)","1,840.0 UNIT(S)",0.0 UNIT(S),,,,
Product stock history,LOGICAL 1000,N1000,,LOGICALS,ONITSHA 2 CONNECT LITE,"₦ 1,000.000 View group prices",873.0 UNIT(S),"₦ 842,441.508","₦ 873,000.000","₦ 30,558.492","21,023.0 UNIT(S)","8,020.0 UNIT(S)",0.0 UNIT(S),,,,
Product stock history,LOGICAL 1000,N1000,,LOGICALS,AIRPORT CONNECT POINT,"₦ 1,000.000 View group prices","1,700.0 UNIT(S)","₦ 1,640,489.500","₦ 1,700,000.000","₦ 59,510.500","1,507.0 UNIT(S)","12,587.0 UNIT(S)",0.0 UNIT(S),,,,
Product stock history,LOGICAL 1000,N1000,,LOGICALS,ELELE CONNECT POINT,"₦ 1,000.000 View group prices",167.0 UNIT(S),"₦ 161,154.499","₦ 167,000.000","₦ 5,845.501",188.0 UNIT(S),800.0 UNIT(S),0.0 UNIT(S),,,,
Product stock history,LOGICAL 1000,N1000,,LOGICALS,IMSU CONNECT POINT,"₦ 1,000.000 View group prices",201.0 UNIT(S),"₦ 193,964.394","₦ 201,000.000","₦ 7,035.606","4,881.0 UNIT(S)",200.0 UNIT(S),0.0 UNIT(S),,,,
Product stock history,LOGICAL 1000,N1000,,LOGICALS,ULAKWO CONNECT POINT,"₦ 1,000.000 View group prices",135.0 UNIT(S),"₦ 130,274.595","₦ 135,000.000","₦ 4,725.405","1,820.0 UNIT(S)",0.0 UNIT(S),0.0 UNIT(S),,,,
Product stock history,LOGICAL 1000,N1000,,LOGICALS,NEKEDE CONNECT LITE,"₦ 1,000.000 View group prices",158.0 UNIT(S),"₦ 152,469.526","₦ 158,000.000","₦ 5,530.474","3,625.0 UNIT(S)",100.0 UNIT(S),0.0 UNIT(S),,,,
Product stock history,LOGICAL 1000,N1000,,LOGICALS,ESUT CONNECT POINT,"₦ 1,000.000 View group prices",38.0 UNIT(S),"₦ 36,669.468","₦ 38,000.000","₦ 1,330.532",555.0 UNIT(S),0.0 UNIT(S),0.0 UNIT(S),,,,
Product stock history,LOGICAL 1000,N1000,,LOGICALS,IMT CONNECT LITE,"₦ 1,000.000 View group prices",0.0 UNIT(S),₦ 0.000,₦ 0.000,₦ 0.000,"1,714.0 UNIT(S)",0.0 UNIT(S),0.0 UNIT(S),,,,
Product stock history,LOGICAL 1000,N1000,,LOGICALS,OKIGWE CONNECT POINT,"₦ 1,000.000 View group prices",149.0 UNIT(S),"₦ 143,784.553","₦ 149,000.000","₦ 5,215.447","2,360.0 UNIT(S)",300.0 UNIT(S),0.0 UNIT(S),,,,
Product stock history,LOGICAL 1000,N1000,,LOGICALS,UNIZIK 1,"₦ 1,000.000 View group prices",128.0 UNIT(S),"₦ 123,519.616","₦ 128,000.000","₦ 4,480.384","2,337.0 UNIT(S)",0.0 UNIT(S),0.0 UNIT(S),,,,
Product stock history,LOGICAL 1000,N1000,,LOGICALS,UNIZIK 2,"₦ 1,000.000 View group prices",35.0 UNIT(S),"₦ 33,774.755","₦ 35,000.000","₦ 1,225.245","2,010.0 UNIT(S)",0.0 UNIT(S),0.0 UNIT(S),,,,
Product stock history,LOGICAL 1500,N1500,,LOGICALS,,"₦ 1,500.000 View group prices",0.0 UNIT(S),₦ 0.000,₦ 0.000,₦ 0.000,0.0 UNIT(S),0.0 UNIT(S),0.0 UNIT(S),,,,
Product stock history,LOGICAL 200,N200,,LOGICALS,UNIZIK 2,₦ 200.000 View group prices,185.0 UNIT(S),"₦ 35,705.740","₦ 37,000.000","₦ 1,294.260","4,713.0 UNIT(S)",200.0 UNIT(S),-40.0 UNIT(S),,,,
Product stock history,LOGICAL 200,N200,,LOGICALS,IGBARIAM CONNECT POINT,₦ 200.000 View group prices,440.0 UNIT(S),"₦ 84,921.760","₦ 88,000.000","₦ 3,078.240","7,287.0 UNIT(S)",0.0 UNIT(S),0.0 UNIT(S),,,,
Product stock history,LOGICAL 200,N200,,LOGICALS,ALVAN 1 CONNECT POINT,₦ 200.000 View group prices,893.0 UNIT(S),"₦ 175,440.636","₦ 178,600.000","₦ 3,159.364","17,944.0 UNIT(S)",800.0 UNIT(S),0.0 UNIT(S),,,,
Product stock history,LOGICAL 200,N200,,LOGICALS,MBAITOLI CONNECT POINT,₦ 200.000 View group prices,989.0 UNIT(S),"₦ 190,880.956","₦ 197,800.000","₦ 6,919.044","22,924.0 UNIT(S)",650.0 UNIT(S),0.0 UNIT(S),,,,
Product stock history,LOGICAL 200,N200,,LOGICALS,IHIALA  CONNECT POINT,₦ 200.000 View group prices,"1,507.0 UNIT(S)","₦ 290,857.028","₦ 301,400.000","₦ 10,542.972","25,516.0 UNIT(S)",500.0 UNIT(S),0.0 UNIT(S),,,,
Product stock history,LOGICAL 200,N200,,LOGICALS,ULI CONNECT POINT,₦ 200.000 View group prices,346.0 UNIT(S),"₦ 66,779.384","₦ 69,200.000","₦ 2,420.616","12,159.0 UNIT(S)",0.0 UNIT(S),0.0 UNIT(S),,,,
Product stock history,LOGICAL 200,N200,,LOGICALS,ELELE CONNECT POINT,₦ 200.000 View group prices,800.0 UNIT(S),"₦ 154,403.200","₦ 160,000.000","₦ 5,596.800","22,100.0 UNIT(S)",0.0 UNIT(S),0.0 UNIT(S),,,,
Product stock history,LOGICAL 200,N200,,LOGICALS,OANDO CONNECT POINT,₦ 200.000 View group prices,495.0 UNIT(S),"₦ 95,536.980","₦ 99,000.000","₦ 3,463.020","10,541.0 UNIT(S)",0.0 UNIT(S),0.0 UNIT(S),,,,
Product stock history,LOGICAL 200,N200,,LOGICALS,STATE SEC CONNECT POINT,₦ 200.000 View group prices,992.0 UNIT(S),"₦ 191,459.968","₦ 198,400.000","₦ 6,940.032","15,931.0 UNIT(S)",0.0 UNIT(S),0.0 UNIT(S),,,,
Product stock history,LOGICAL 200,N200,,LOGICALS,OKO CONNECT POINT,₦ 200.000 View group prices,967.0 UNIT(S),"₦ 186,634.868","₦ 193,400.000","₦ 6,765.132","9,109.0 UNIT(S)",0.0 UNIT(S),0.0 UNIT(S),,,,
Product stock history,LOGICAL 200,N200,,LOGICALS,ALVAN 2 CONNECT POINT,₦ 200.000 View group prices,54.0 UNIT(S),"₦ 10,422.216","₦ 10,800.000",₦ 377.784,"6,617.0 UNIT(S)","1,215.0 UNIT(S)",0.0 UNIT(S),,,,
Product stock history,LOGICAL 200,N200,,LOGICALS,UMUAKA CONNECT POINT,₦ 200.000 View group prices,0.0 UNIT(S),₦ 0.000,₦ 0.000,₦ 0.000,"3,590.0 UNIT(S)",330.0 UNIT(S),0.0 UNIT(S),,,,
Product stock history,LOGICAL 200,N200,,LOGICALS,AWKA CONNECT / LITE,₦ 200.000 View group prices,"5,100.0 UNIT(S)","₦ 984,320.400","₦ 1,020,000.000","₦ 35,679.600","33,125.0 UNIT(S)","78,675.0 UNIT(S)",0.0 UNIT(S),,,,
Product stock history,LOGICAL 200,N200,,LOGICALS,OKIGWE HUB,₦ 200.000 View group prices,"1,080.0 UNIT(S)","₦ 208,444.320","₦ 216,000.000","₦ 7,555.680","8,620.0 UNIT(S)",0.0 UNIT(S),0.0 UNIT(S),,,,
Product stock history,LOGICAL 200,N200,,LOGICALS,UNIZIK 1,₦ 200.000 View group prices,428.0 UNIT(S),"₦ 82,608.280","₦ 85,600.000","₦ 2,991.720","6,882.0 UNIT(S)",0.0 UNIT(S),0.0 UNIT(S),,,,
Product stock history,LOGICAL 200,N200,,LOGICALS,OKIGWE CONNECT POINT,₦ 200.000 View group prices,683.0 UNIT(S),"₦ 131,821.732","₦ 136,600.000","₦ 4,778.268","16,475.0 UNIT(S)","1,300.0 UNIT(S)",0.0 UNIT(S),,,,
Product stock history,LOGICAL 200,N200,,LOGICALS,IMT CONNECT LITE,₦ 200.000 View group prices,164.0 UNIT(S),"₦ 31,652.656","₦ 32,800.000","₦ 1,147.344","11,198.0 UNIT(S)",0.0 UNIT(S),0.0 UNIT(S),,,,
Product stock history,LOGICAL 200,N200,,LOGICALS,ESUT CONNECT POINT,₦ 200.000 View group prices,0.0 UNIT(S),₦ 0.000,₦ 0.000,₦ 0.000,"5,247.0 UNIT(S)",0.0 UNIT(S),0.0 UNIT(S),,,,
Product stock history,LOGICAL 200,N200,,LOGICALS,NEKEDE CONNECT LITE,₦ 200.000 View group prices,690.0 UNIT(S),"₦ 133,172.760","₦ 138,000.000","₦ 4,827.240","13,196.0 UNIT(S)","1,300.0 UNIT(S)",0.0 UNIT(S),,,,
Product stock history,LOGICAL 200,N200,,LOGICALS,ULAKWO CONNECT POINT,₦ 200.000 View group prices,400.0 UNIT(S),"₦ 77,201.600","₦ 80,000.000","₦ 2,798.400","9,867.0 UNIT(S)",0.0 UNIT(S),0.0 UNIT(S),,,,
Product stock history,LOGICAL 200,N200,,LOGICALS,IMSU CONNECT POINT,₦ 200.000 View group prices,580.0 UNIT(S),"₦ 111,942.320","₦ 116,000.000","₦ 4,057.680","15,463.0 UNIT(S)",470.0 UNIT(S),0.0 UNIT(S),,,,
Product stock history,LOGICAL 200,N200,,LOGICALS,IGWURUTA CONNECT POINT,₦ 200.000 View group prices,"2,042.0 UNIT(S)","₦ 394,113.000","₦ 408,400.000","₦ 14,287.000","20,758.0 UNIT(S)",0.0 UNIT(S),0.0 UNIT(S),,,,
Product stock history,LOGICAL 200,N200,,LOGICALS,UMUAGWO CONNECT POINT,₦ 200.000 View group prices,"1,477.0 UNIT(S)","₦ 285,070.070","₦ 295,400.000","₦ 10,329.930","4,528.0 UNIT(S)",200.0 UNIT(S),0.0 UNIT(S),,,,
Product stock history,LOGICAL 200,N200,,LOGICALS,OWERRI 2 CONNECT / LITE,₦ 200.000 View group prices,0.0 UNIT(S),₦ 0.000,₦ 0.000,₦ 0.000,60.0 UNIT(S),0.0 UNIT(S),0.0 UNIT(S),,,,
Product stock history,LOGICAL 200,N200,,LOGICALS,AIRPORT CONNECT POINT,₦ 200.000 View group prices,"18,150.0 UNIT(S)","₦ 3,503,041.500","₦ 3,630,000.000","₦ 126,958.500","21,161.0 UNIT(S)","75,700.0 UNIT(S)",147.0 UNIT(S),,,,
Product stock history,LOGICAL 200,N200,,LOGICALS,ONITSHA 2 CONNECT LITE,₦ 200.000 View group prices,"3,325.0 UNIT(S)","₦ 641,738.300","₦ 665,000.000","₦ 23,261.700","172,873.0 UNIT(S)","64,740.0 UNIT(S)",0.0 UNIT(S),,,,
Product stock history,LOGICAL 200,N200,,LOGICALS,ALAKAHIA CONNECT / LITE,₦ 200.000 View group prices,"22,000.0 UNIT(S)","₦ 4,246,145.480","₦ 4,400,000.000","₦ 153,854.520","264,985.0 UNIT(S)","53,100.0 UNIT(S)","1,600.0 UNIT(S)",,,,
Product stock history,LOGICAL 500,N500,,LOGICALS,AWKA CONNECT / LITE,₦ 500.000 View group prices,"3,000.0 UNIT(S)","₦ 1,447,512.000","₦ 1,500,000.000","₦ 52,488.000","77,850.0 UNIT(S)","55,250.0 UNIT(S)",0.0 UNIT(S),,,,
Product stock history,LOGICAL 500,N500,,LOGICALS,OKIGWE HUB,₦ 500.000 View group prices,695.0 UNIT(S),"₦ 335,340.280","₦ 347,500.000","₦ 12,159.720","2,855.0 UNIT(S)",0.0 UNIT(S),0.0 UNIT(S),,,,
Product stock history,LOGICAL 500,N500,,LOGICALS,OKO CONNECT POINT,₦ 500.000 View group prices,135.0 UNIT(S),"₦ 65,138.040","₦ 67,500.000","₦ 2,361.960","3,885.0 UNIT(S)",0.0 UNIT(S),0.0 UNIT(S),,,,
Product stock history,LOGICAL 500,N500,,LOGICALS,UMUAKA CONNECT POINT,₦ 500.000 View group prices,0.0 UNIT(S),₦ 0.000,₦ 0.000,₦ 0.000,"1,410.0 UNIT(S)",0.0 UNIT(S),0.0 UNIT(S),,,,
Product stock history,LOGICAL 500,N500,,LOGICALS,ALVAN 2 CONNECT POINT,₦ 500.000 View group prices,45.0 UNIT(S),"₦ 21,712.680","₦ 22,500.000",₦ 787.320,"3,512.0 UNIT(S)",790.0 UNIT(S),0.0 UNIT(S),,,,
Product stock history,LOGICAL 500,N500,,LOGICALS,STATE SEC CONNECT POINT,₦ 500.000 View group prices,812.0 UNIT(S),"₦ 391,793.248","₦ 406,000.000","₦ 14,206.752","6,266.0 UNIT(S)",0.0 UNIT(S),0.0 UNIT(S),,,,
Product stock history,LOGICAL 500,N500,,LOGICALS,OANDO CONNECT POINT,₦ 500.000 View group prices,60.0 UNIT(S),"₦ 28,950.240","₦ 30,000.000","₦ 1,049.760","5,903.0 UNIT(S)",0.0 UNIT(S),0.0 UNIT(S),,,,
Product stock history,LOGICAL 500,N500,,LOGICALS,ULI CONNECT POINT,₦ 500.000 View group prices,103.0 UNIT(S),"₦ 49,697.912","₦ 51,500.000","₦ 1,802.088","5,201.0 UNIT(S)",0.0 UNIT(S),0.0 UNIT(S),,,,
Product stock history,LOGICAL 500,N500,,LOGICALS,IHIALA  CONNECT POINT,₦ 500.000 View group prices,"1,114.0 UNIT(S)","₦ 537,509.000","₦ 557,000.000","₦ 19,491.000","7,675.0 UNIT(S)",0.0 UNIT(S),0.0 UNIT(S),,,,
Product stock history,LOGICAL 500,N500,,LOGICALS,MBAITOLI CONNECT POINT,₦ 500.000 View group prices,340.0 UNIT(S),"₦ 164,051.360","₦ 170,000.000","₦ 5,948.640","8,630.0 UNIT(S)",200.0 UNIT(S),0.0 UNIT(S),,,,
Product stock history,LOGICAL 500,N500,,LOGICALS,ALVAN 1 CONNECT POINT,₦ 500.000 View group prices,360.0 UNIT(S),"₦ 178,043.976","₦ 180,000.000","₦ 1,956.024","8,941.0 UNIT(S)",10.0 UNIT(S),0.0 UNIT(S),,,,
Product stock history,LOGICAL 500,N500,,LOGICALS,IGBARIAM CONNECT POINT,₦ 500.000 View group prices,510.0 UNIT(S),"₦ 246,077.040","₦ 255,000.000","₦ 8,922.960","4,043.0 UNIT(S)",0.0 UNIT(S),0.0 UNIT(S),,,,
Product stock history,LOGICAL 500,N500,,LOGICALS,UNIZIK 2,₦ 500.000 View group prices,50.0 UNIT(S),"₦ 24,125.000","₦ 25,000.000",₦ 875.000,"2,964.0 UNIT(S)",500.0 UNIT(S),0.0 UNIT(S),,,,
Product stock history,LOGICAL 500,N500,,LOGICALS,UNIZIK 1,₦ 500.000 View group prices,278.0 UNIT(S),"₦ 134,136.112","₦ 139,000.000","₦ 4,863.888","5,628.0 UNIT(S)",0.0 UNIT(S),0.0 UNIT(S),,,,
Product stock history,LOGICAL 500,N500,,LOGICALS,OKIGWE CONNECT POINT,₦ 500.000 View group prices,220.0 UNIT(S),"₦ 106,150.880","₦ 110,000.000","₦ 3,849.120","7,810.0 UNIT(S)",550.0 UNIT(S),0.0 UNIT(S),,,,
Product stock history,LOGICAL 500,N500,,LOGICALS,IMT CONNECT LITE,₦ 500.000 View group prices,99.0 UNIT(S),"₦ 47,767.896","₦ 49,500.000","₦ 1,732.104","10,090.0 UNIT(S)",0.0 UNIT(S),0.0 UNIT(S),,,,
Product stock history,LOGICAL 500,N500,,LOGICALS,ESUT CONNECT POINT,₦ 500.000 View group prices,51.0 UNIT(S),"₦ 24,659.214","₦ 25,500.000",₦ 840.786,"1,761.0 UNIT(S)",0.0 UNIT(S),0.0 UNIT(S),,,,
Product stock history,LOGICAL 500,N500,,LOGICALS,NEKEDE CONNECT LITE,₦ 500.000 View group prices,501.0 UNIT(S),"₦ 241,734.503","₦ 250,500.000","₦ 8,765.497","6,884.0 UNIT(S)",550.0 UNIT(S),0.0 UNIT(S),,,,
Product stock history,LOGICAL 500,N500,,LOGICALS,ULAKWO CONNECT POINT,₦ 500.000 View group prices,245.0 UNIT(S),"₦ 118,213.480","₦ 122,500.000","₦ 4,286.520","5,499.0 UNIT(S)",300.0 UNIT(S),0.0 UNIT(S),,,,
Product stock history,LOGICAL 500,N500,,LOGICALS,IMSU CONNECT POINT,₦ 500.000 View group prices,276.0 UNIT(S),"₦ 133,171.104","₦ 138,000.000","₦ 4,828.896","11,904.0 UNIT(S)",800.0 UNIT(S),0.0 UNIT(S),,,,
Product stock history,LOGICAL 500,N500,,LOGICALS,ELELE CONNECT POINT,₦ 500.000 View group prices,390.0 UNIT(S),"₦ 188,176.560","₦ 195,000.000","₦ 6,823.440","2,010.0 UNIT(S)",500.0 UNIT(S),0.0 UNIT(S),,,,
Product stock history,LOGICAL 500,N500,,LOGICALS,IGWURUTA CONNECT POINT,₦ 500.000 View group prices,447.0 UNIT(S),"₦ 215,677.900","₦ 223,500.000","₦ 7,822.100","3,337.0 UNIT(S)",0.0 UNIT(S),0.0 UNIT(S),,,,
Product stock history,LOGICAL 500,N500,,LOGICALS,UMUAGWO CONNECT POINT,₦ 500.000 View group prices,"1,130.0 UNIT(S)","₦ 545,228.800","₦ 565,000.000","₦ 19,771.200","1,844.0 UNIT(S)",0.0 UNIT(S),0.0 UNIT(S),,,,
Product stock history,LOGICAL 500,N500,,LOGICALS,OWERRI 2 CONNECT / LITE,₦ 500.000 View group prices,0.0 UNIT(S),₦ 0.000,₦ 0.000,₦ 0.000,"89,750.0 UNIT(S)",0.0 UNIT(S),0.0 UNIT(S),,,,
Product stock history,LOGICAL 500,N500,,LOGICALS,AIRPORT CONNECT POINT,₦ 500.000 View group prices,"9,100.0 UNIT(S)","₦ 4,390,774.000","₦ 4,550,000.000","₦ 159,226.000","3,445.0 UNIT(S)","27,540.0 UNIT(S)",0.0 UNIT(S),,,,
Product stock history,LOGICAL 500,N500,,LOGICALS,ONITSHA 2 CONNECT LITE,₦ 500.000 View group prices,"1,697.0 UNIT(S)","₦ 818,809.288","₦ 848,500.000","₦ 29,690.712","85,746.0 UNIT(S)","32,390.0 UNIT(S)",0.0 UNIT(S),,,,
Product stock history,LOGICAL 500,N500,,LOGICALS,ALAKAHIA CONNECT / LITE,₦ 500.000 View group prices,"7,000.0 UNIT(S)","₦ 3,377,535.200","₦ 3,500,000.000","₦ 122,464.800","100,880.0 UNIT(S)","7,154.0 UNIT(S)",0.0 UNIT(S),,,,
Product stock history,LOGICAL 750,N750,,LOGICALS,,₦ 750.000 View group prices,0.0 UNIT(S),₦ 0.000,₦ 0.000,₦ 0.000,0.0 UNIT(S),0.0 UNIT(S),0.0 UNIT(S),,,,
Total:,Total:,Total:,Total:,Total:,Total:,Total:,"8,980,910.50","₦ 81,558,031.743","₦ 81,582,404.300","₦ 24,372.557","203,364,520.48","21,038,163.52","3,045.00",,,,
