SKU,Product,Variation,Category,Location,Unit Selling Price,Current stock,Current Stock Value (By purchase price),Current Stock Value (By sale price),Potential profit,Total unit sold,Total Unit Transfered,Total Unit Adjusted,Custom Field1,Custom Field2,Custom Field3,Custom Field4
120329,MTN 5G HYNET FLEX,,ACCESSORIES,OWERRI 2 ,80000.0,1.0,73599.995,80000.0,6400.005,108.0,1.0,0.0,,,,
120329,MTN 5G HYNET FLEX,,ACCESSORIES,ALAKAHIA ,80000.0,0.0,1692799.544,0.0,1692799.544,189.0,7.0,0.0,,,,
120329,MTN 5G HYNET FLEX,,ACCESSORIES,ALVAN 2 ,80000.0,0.0,0.0,0.0,0.0,1.0,0.0,0.0,,,,
120329,MTN 5G HYNET FLEX,,ACCESSORIES,HEAD OFFICE,80000.0,0.0,0.0,0.0,0.0,0.0,18.0,0.0,,,,
120329,MTN 5G HYNET FLEX,,ACCESSORIES,ASABA INPLANT,80000.0,0.0,0.0,0.0,0.0,14.0,0.0,0.0,,,,
120329,MTN 5G HYNET FLEX,,ACCESSORIES,ONITSHA 2 ,80000.0,0.0,0.0,0.0,0.0,34.0,14.0,0.0,,,,
120329,MTN 5G HYNET FLEX,,ACCESSORIES,AWKA ,80000.0,0.0,0.0,0.0,0.0,26.0,0.0,0.0,,,,
120329,MTN 5G HYNET FLEX,,ACCESSORIES,OKIGWE HUB,80000.0,0.0,0.0,0.0,0.0,4.0,6.0,0.0,,,,
120329,MTN 5G HYNET FLEX,,ACCESSORIES,EBU AWKA,80000.0,5.0,367999.98,400000.0,32000.02,24.0,0.0,0.0,,,,
120329,MTN 5G HYNET FLEX,,ACCESSORIES,AIRPORT ,80000.0,0.0,0.0,0.0,0.0,8.0,1.0,0.0,,,,
120329,MTN 5G HYNET FLEX,,ACCESSORIES,IMSU ,80000.0,0.0,0.0,0.0,0.0,1.0,0.0,0.0,,,,
120330,INFINIX HOT 10 LTE,,PHONES,,0.0,0.0,0.0,0.0,0.0,0.0,0.0,0.0,,,,
120331,INFINIX HOT 10 PLAY 64GB/4G,,PHONES,,0.0,0.0,0.0,0.0,0.0,0.0,0.0,0.0,,,,
120332,INFINIX HOT 12i (2/64),,PHONES,OWERRI 2 ,0.0,0.0,0.0,0.0,0.0,1.0,0.0,0.0,,,,
120333,INFINIX HOT 20i (4/64),,PHONES,,0.0,0.0,0.0,0.0,0.0,0.0,0.0,0.0,,,,
120334,INFINIX HOT 30I (4/128GB),,PHONES,OWERRI 2 ,102000.0,0.0,0.0,0.0,0.0,2.0,0.0,0.0,,,,
120335,INFINIX HOT 11 PLAY 64/4,,PHONES,,0.0,0.0,0.0,0.0,0.0,0.0,0.0,0.0,,,,
120336,INFINIX NOTE 12i,,PHONES,,0.0,0.0,0.0,0.0,0.0,0.0,0.0,0.0,,,,
120337,INFINIX NOTE 11 128/4,,PHONES,,0.0,0.0,0.0,0.0,0.0,0.0,0.0,0.0,,,,
120338,INFINIX SMART 6 4G 32/2,,PHONES,,0.0,0.0,0.0,0.0,0.0,0.0,0.0,0.0,,,,
120339,INFINIX SMART 7 PLUS,,PHONES,AWKA ,0.0,0.0,0.0,0.0,0.0,1.0,0.0,0.0,,,,
120340,ITEL 2060,,PHONES,,0.0,0.0,0.0,0.0,0.0,0.0,0.0,0.0,,,,
120341,ITEL 2090,,PHONES,,0.0,0.0,0.0,0.0,0.0,0.0,0.0,0.0,,,,
120342,ITEL 2150,,PHONES,,0.0,0.0,0.0,0.0,0.0,0.0,0.0,0.0,,,,
120343,ITEL 2160,,PHONES,ULAKWO ,15000.0,0.0,0.0,0.0,0.0,1.0,0.0,0.0,,,,
120343,ITEL 2160,,PHONES,UNIZIK 1,15000.0,0.0,0.0,0.0,0.0,5.0,0.0,0.0,,,,
120343,ITEL 2160,,PHONES,UNIZIK 2,15000.0,0.0,0.0,0.0,0.0,1.0,0.0,0.0,,,,
120343,ITEL 2160,,PHONES,IMSU ,15000.0,0.0,0.0,0.0,0.0,4.0,0.0,0.0,,,,
120343,ITEL 2160,,PHONES,IMT ,15000.0,0.0,0.0,0.0,0.0,5.0,0.0,0.0,,,,
120343,ITEL 2160,,PHONES,ESUT ,15000.0,2.0,12600.0,30000.0,17400.0,2.0,0.0,0.0,,,,
120343,ITEL 2160,,PHONES,OKIGWE HUB,15000.0,0.0,0.0,0.0,0.0,11.0,0.0,0.0,,,,
120343,ITEL 2160,,PHONES,OWERRI 2 ,15000.0,8.0,110400.0,120000.0,9600.0,121.0,0.0,0.0,,,,
120343,ITEL 2160,,PHONES,AIRPORT ,15000.0,0.0,0.0,0.0,0.0,9.0,0.0,0.0,,,,
120343,ITEL 2160,,PHONES,AWKA ,15000.0,0.0,0.0,0.0,0.0,71.0,25.0,0.0,,,,
120343,ITEL 2160,,PHONES,ALAKAHIA ,15000.0,0.0,0.0,0.0,0.0,1.0,0.0,0.0,,,,
120343,ITEL 2160,,PHONES,ELELE ,15000.0,0.0,0.0,0.0,0.0,1.0,0.0,0.0,,,,
120344,itel 2163,,PHONES,AWKA ,13000.0,0.0,0.0,0.0,0.0,70.0,16.0,0.0,,,,
120344,itel 2163,,PHONES,ALAKAHIA ,13000.0,0.0,0.0,0.0,0.0,4.0,0.0,0.0,,,,
120344,itel 2163,,PHONES,OWERRI 2 ,13000.0,10.0,119000.0,130000.0,11000.0,45.0,5.0,0.0,,,,
120344,itel 2163,,PHONES,IMT ,13000.0,0.0,0.0,0.0,0.0,5.0,0.0,0.0,,,,
120344,itel 2163,,PHONES,IMSU ,13000.0,0.0,0.0,0.0,0.0,6.0,0.0,0.0,,,,
120344,itel 2163,,PHONES,UNIZIK 2,13000.0,0.0,0.0,0.0,0.0,1.0,0.0,0.0,,,,
120344,itel 2163,,PHONES,OKIGWE HUB,13000.0,0.0,0.0,0.0,0.0,11.0,0.0,0.0,,,,
120344,itel 2163,,PHONES,AIRPORT ,13000.0,1.0,12500.0,13000.0,500.0,47.0,4.0,0.0,,,,
120345,ITEL 2171,,PHONES,ESUT ,9000.0,0.0,0.0,0.0,0.0,0.0,0.0,0.0,,,,
120346,ITEL 2173,,PHONES,OWERRI 2 ,8200.0,0.0,0.0,0.0,0.0,25.0,0.0,0.0,,,,
120346,ITEL 2173,,PHONES,ESUT ,8200.0,2.0,15600.0,16400.0,800.0,0.0,0.0,0.0,,,,
120346,ITEL 2173,,PHONES,UNIZIK 2,8200.0,0.0,0.0,0.0,0.0,1.0,0.0,0.0,,,,
120346,ITEL 2173,,PHONES,IMT ,8200.0,0.0,0.0,0.0,0.0,2.0,0.0,0.0,,,,
120346,ITEL 2173,,PHONES,IMSU ,8200.0,0.0,0.0,0.0,0.0,1.0,0.0,0.0,,,,
120346,ITEL 2173,,PHONES,AWKA ,8200.0,0.0,0.0,0.0,0.0,16.0,4.0,0.0,,,,
120346,ITEL 2173,,PHONES,ELELE ,8200.0,0.0,0.0,0.0,0.0,1.0,0.0,0.0,,,,
120346,ITEL 2173,,PHONES,OKIGWE HUB,8200.0,0.0,0.0,0.0,0.0,2.0,0.0,0.0,,,,
120347,ITEL 2180,,PHONES,,0.0,0.0,0.0,0.0,0.0,0.0,0.0,0.0,,,,
120348,ITEL 2190,,PHONES,,0.0,0.0,0.0,0.0,0.0,0.0,0.0,0.0,,,,
120349,ITEL 5020,,PHONES,,0.0,0.0,0.0,0.0,0.0,0.0,0.0,0.0,,,,
120350,ITEL 5606,,PHONES,OWERRI 2 ,18000.0,1.0,17500.0,18000.0,500.0,34.0,2.0,0.0,,,,
120350,ITEL 5606,,PHONES,AWKA ,18000.0,7.0,114800.0,126000.0,11200.0,23.0,3.0,0.0,,,,
120350,ITEL 5606,,PHONES,UNIZIK 1,18000.0,0.0,0.0,0.0,0.0,1.0,0.0,0.0,,,,
120350,ITEL 5606,,PHONES,OKIGWE HUB,18000.0,3.0,49600.0,54000.0,4400.0,1.0,0.0,0.0,,,,
120351,ITEL 5610,,PHONES,,0.0,0.0,0.0,0.0,0.0,0.0,0.0,0.0,,,,
120352,ITEL 5615,,PHONES,OWERRI 2 ,0.0,0.0,0.0,0.0,0.0,5.0,0.0,0.0,,,,
120352,ITEL 5615,,PHONES,AWKA ,0.0,0.0,0.0,0.0,0.0,10.0,0.0,0.0,,,,
120353,ITEL A16 PLUS,,PHONES,,0.0,0.0,0.0,0.0,0.0,0.0,0.0,0.0,,,,
120354,ITEL A23,,PHONES,,0.0,0.0,0.0,0.0,0.0,0.0,0.0,0.0,,,,
120355,ITEL P38 32/2,,PHONES,,0.0,0.0,0.0,0.0,0.0,0.0,0.0,0.0,,,,
120363,NOKIA 110,,PHONES,ALAKAHIA ,11400.0,0.0,0.0,0.0,0.0,1.0,0.0,0.0,,,,
120364,NOKIA 105 DS,,PHONES,AIRPORT ,16000.0,0.0,0.0,0.0,0.0,37.0,10.0,0.0,,,,
120364,NOKIA 105 DS,,PHONES,OWERRI 2 ,16000.0,0.0,0.0,0.0,0.0,15.0,0.0,0.0,,,,
120364,NOKIA 105 DS,,PHONES,AWKA ,16000.0,0.0,0.0,0.0,0.0,10.0,0.0,0.0,,,,
120364,NOKIA 105 DS,,PHONES,ALAKAHIA ,16000.0,0.0,0.0,0.0,0.0,10.0,0.0,0.0,,,,
120365,Nokia1 Adroid,,PHONES,,0.0,0.0,0.0,0.0,0.0,0.0,0.0,0.0,,,,
120366,PPSK,,SIM CARDS,ULI ,700.0,0.0,0.0,0.0,0.0,94.0,0.0,0.0,,,,
120366,PPSK,,SIM CARDS,STATE SEC ,700.0,1.0,187.5,700.0,512.5,159.0,0.0,0.0,,,,
120366,PPSK,,SIM CARDS,OANDO ,700.0,0.0,0.0,0.0,0.0,11.0,0.0,0.0,,,,
120366,PPSK,,SIM CARDS,MBAITOLI ,700.0,0.0,0.0,0.0,0.0,10.0,0.0,0.0,,,,
120366,PPSK,,SIM CARDS,IGBARIAM ,700.0,0.0,0.0,0.0,0.0,125.0,0.0,0.0,,,,
120366,PPSK,,SIM CARDS,NEKEDE ,700.0,0.0,0.0,0.0,0.0,182.0,0.0,0.0,,,,
120366,PPSK,,SIM CARDS,ULAKWO ,700.0,0.0,0.0,0.0,0.0,12.0,0.0,0.0,,,,
120366,PPSK,,SIM CARDS,ELELE ,700.0,0.0,0.0,0.0,0.0,38.0,0.0,0.0,,,,
120366,PPSK,,SIM CARDS,UMUAGWO ,700.0,0.0,0.0,0.0,0.0,7.0,0.0,0.0,,,,
120366,PPSK,,SIM CARDS,ONITSHA 2 ,700.0,0.0,0.0,0.0,0.0,71.0,0.0,0.0,,,,
120367,PPWB,,SIM CARDS,ALVAN 1 ,700.0,443.0,265799.271,310100.0,44300.729,976.0,205.0,0.0,,,,
120367,PPWB,,SIM CARDS,ALAKAHIA ,700.0,1428.0,2087563.758,999600.0,1087963.758,15078.0,5350.0,0.0,,,,
120367,PPWB,,SIM CARDS,AWKA ,700.0,2071.0,1242593.787,1449700.0,207106.213,25068.0,12580.0,0.0,,,,
120367,PPWB,,SIM CARDS,ONITSHA 2 ,700.0,2678.0,1616991.915,1874600.0,257608.085,12454.0,23645.0,0.0,,,,
120367,PPWB,,SIM CARDS,AIRPORT ,700.0,343.0,205798.971,240100.0,34301.029,4496.0,5200.0,0.0,,,,
120367,PPWB,,SIM CARDS,OWERRI 2 ,700.0,386.0,231598.842,270200.0,38601.158,22801.0,3150.0,0.0,,,,
120367,PPWB,,SIM CARDS,OKIGWE HUB,700.0,392.0,235200.0,274400.0,39200.0,5071.0,400.0,34.0,,,,
120367,PPWB,,SIM CARDS,IGWURUTA ,700.0,595.0,358798.65,416500.0,57701.35,2942.0,163.0,0.0,,,,
120367,PPWB,,SIM CARDS,ELELE ,700.0,57.0,34199.829,39900.0,5700.171,1787.0,0.0,0.0,,,,
120367,PPWB,,SIM CARDS,ULAKWO ,700.0,90.0,54000.0,63000.0,9000.0,686.0,0.0,12.0,,,,
120367,PPWB,,SIM CARDS,ESUT ,700.0,33.0,19800.0,23100.0,3300.0,141.0,0.0,0.0,,,,
120367,PPWB,,SIM CARDS,UNIZIK 2,700.0,52.0,31199.844,36400.0,5200.156,2927.0,31.0,0.0,,,,
120367,PPWB,,SIM CARDS,UNIZIK 1,700.0,67.0,40199.799,46900.0,6700.201,1974.0,0.0,0.0,,,,
120367,PPWB,,SIM CARDS,UMUAGWO ,700.0,168.0,90999.624,117600.0,26600.376,57.0,150.0,0.0,,,,
120367,PPWB,,SIM CARDS,STATE SEC ,700.0,207.0,124199.4,144900.0,20700.6,463.0,130.0,0.0,,,,
120367,PPWB,,SIM CARDS,NEKEDE ,700.0,231.0,138599.307,161700.0,23100.693,3114.0,245.0,0.0,,,,
120367,PPWB,,SIM CARDS,IGBARIAM ,700.0,311.0,186599.4,217700.0,31100.6,1239.0,0.0,0.0,,,,
120367,PPWB,,SIM CARDS,IMSU ,700.0,279.0,167399.163,195300.0,27900.837,1936.0,155.0,0.0,,,,
120367,PPWB,,SIM CARDS,ALVAN 2 ,700.0,31.0,18599.907,21700.0,3100.093,699.0,65.0,0.0,,,,
120367,PPWB,,SIM CARDS,OKO ,700.0,239.0,143399.283,167300.0,23900.717,2270.0,0.0,0.0,,,,
120367,PPWB,,SIM CARDS,ASABA INPLANT,700.0,0.0,0.0,0.0,0.0,2535.0,745.0,0.0,,,,
120367,PPWB,,SIM CARDS,OANDO ,700.0,168.0,100799.496,117600.0,16800.504,1296.0,0.0,0.0,,,,
120367,PPWB,,SIM CARDS,ULI ,700.0,215.0,128999.355,150500.0,21500.645,2017.0,0.0,0.0,,,,
120367,PPWB,,SIM CARDS,IHIALA  ,700.0,578.0,346798.5,404600.0,57801.5,2884.0,0.0,0.0,,,,
120367,PPWB,,SIM CARDS,MBAITOLI ,700.0,99.0,59399.703,69300.0,9900.297,7061.0,470.0,0.0,,,,
120367,PPWB,,SIM CARDS,IMT ,700.0,36.0,21599.892,25200.0,3600.108,836.0,0.0,0.0,,,,
120368,SAMSUNG A03 4/64GB,,PHONES,,0.0,0.0,0.0,0.0,0.0,0.0,0.0,0.0,,,,
120369,SAMSUNG A04 4/64GB,,PHONES,,0.0,0.0,0.0,0.0,0.0,0.0,0.0,0.0,,,,
120370,SAMSUNG A14 128GB,,PHONES,,0.0,0.0,0.0,0.0,0.0,0.0,0.0,0.0,,,,
120371,SAMSUNG A14(4/64GB),,PHONES,ALAKAHIA ,0.0,0.0,0.0,0.0,0.0,2.0,0.0,0.0,,,,
120373,SAMSUNG A33,,PHONES,,0.0,0.0,0.0,0.0,0.0,0.0,0.0,0.0,,,,
120374,TECNO 301,,PHONES,IMSU ,20000.0,0.0,0.0,0.0,0.0,3.0,0.0,0.0,,,,
120374,TECNO 301,,PHONES,IMT ,20000.0,0.0,0.0,0.0,0.0,3.0,0.0,0.0,,,,
120374,TECNO 301,,PHONES,AIRPORT ,20000.0,0.0,0.0,0.0,0.0,28.0,0.0,0.0,,,,
120374,TECNO 301,,PHONES,OKIGWE HUB,20000.0,2.0,28800.0,40000.0,11200.0,10.0,0.0,0.0,,,,
120374,TECNO 301,,PHONES,AWKA ,20000.0,4.0,58400.0,80000.0,21600.0,55.0,26.0,0.0,,,,
120374,TECNO 301,,PHONES,OWERRI 2 ,20000.0,0.0,0.0,0.0,0.0,55.0,0.0,0.0,,,,
120374,TECNO 301,,PHONES,UNIZIK 2,20000.0,0.0,0.0,0.0,0.0,9.0,0.0,0.0,,,,
120375,TECNO 349,,PHONES,,0.0,0.0,0.0,0.0,0.0,0.0,0.0,0.0,,,,
120376,TECNO 350,,PHONES,,0.0,0.0,0.0,0.0,0.0,0.0,0.0,0.0,,,,
120378,TECNO 372,,PHONES,OWERRI 2 ,0.0,0.0,0.0,0.0,0.0,5.0,0.0,0.0,,,,
120379,TECNO 402,,PHONES,,0.0,0.0,0.0,0.0,0.0,0.0,0.0,0.0,,,,
120380,TECNO 454,,PHONES,,0.0,0.0,0.0,0.0,0.0,0.0,0.0,0.0,,,,
120381,TECNO 466,,PHONES,,0.0,0.0,0.0,0.0,0.0,0.0,0.0,0.0,,,,
120382,TECNO 474,,PHONES,,0.0,0.0,0.0,0.0,0.0,0.0,0.0,0.0,,,,
120383,TECNO 661,,PHONES,,0.0,0.0,0.0,0.0,0.0,0.0,0.0,0.0,,,,
120384,TECNO CAMON 17P 128/6,,PHONES,,0.0,0.0,0.0,0.0,0.0,0.0,0.0,0.0,,,,
120385,TECNO POP 2 +,,PHONES,,0.0,0.0,0.0,0.0,0.0,0.0,0.0,0.0,,,,
120386,TECNO POP 4 PRO,,PHONES,,0.0,0.0,0.0,0.0,0.0,0.0,0.0,0.0,,,,
120387,TECNO POP 7(2/64gb),,PHONES,AWKA ,0.0,0.0,0.0,0.0,0.0,0.0,0.0,0.0,,,,
120388,TECNO POP3,,PHONES,,0.0,0.0,0.0,0.0,0.0,0.0,0.0,0.0,,,,
120389,TECNO POP7 PRO (3/64GB),,PHONES,,0.0,0.0,0.0,0.0,0.0,0.0,0.0,0.0,,,,
120390,TECNO POP7 PRO (4/64GB),,PHONES,AWKA ,0.0,0.0,0.0,0.0,0.0,2.0,0.0,0.0,,,,
120391,TECNO SPARK 10 (8/128),,PHONES,,0.0,0.0,0.0,0.0,0.0,0.0,0.0,0.0,,,,
120393,TECNO SPARK 10C (4/128GB),,PHONES,,0.0,0.0,0.0,0.0,0.0,0.0,0.0,0.0,,,,
120394,TECNO SPARK 10C (8/128GB),,PHONES,,0.0,0.0,0.0,0.0,0.0,0.0,0.0,0.0,,,,
120395,TECNO SPARK 8C 64/2,,PHONES,,0.0,0.0,0.0,0.0,0.0,0.0,0.0,0.0,,,,
120396,TECNO SPARK 9T 4/128gb,,PHONES,AWKA ,0.0,0.0,0.0,0.0,0.0,2.0,0.0,0.0,,,,
120397,TECNO 313,,PHONES,IGWURUTA ,10500.0,0.0,0.0,0.0,0.0,1.0,0.0,0.0,,,,
120397,TECNO 313,,PHONES,OWERRI 2 ,10500.0,0.0,0.0,0.0,0.0,1.0,0.0,0.0,,,,
120398,TECNO T349,,PHONES,,0.0,0.0,0.0,0.0,0.0,0.0,0.0,0.0,,,,
120399,TECNO T351,,PHONES,,0.0,0.0,0.0,0.0,0.0,0.0,0.0,0.0,,,,
120400,TECNO T372,,PHONES,AWKA ,0.0,0.0,0.0,0.0,0.0,5.0,0.0,0.0,,,,
120467,MOMO - SOF,,MOMO,AIRPORT ,100.0,0.0,0.0,0.0,0.0,31957.0,0.0,0.0,,,,
120467,MOMO - SOF,,MOMO,AWKA ,100.0,0.0,0.0,0.0,0.0,31500.0,0.0,0.0,,,,
120467,MOMO - SOF,,MOMO,ELELE ,100.0,0.0,0.0,0.0,0.0,650.0,0.0,0.0,,,,
120467,MOMO - SOF,,MOMO,IGWURUTA ,100.0,0.0,0.0,0.0,0.0,940.0,0.0,0.0,,,,
120467,MOMO - SOF,,MOMO,OKIGWE HUB,100.0,1156.0,0.0,115600.0,115600.0,40944.0,0.0,0.0,,,,
120467,MOMO - SOF,,MOMO,ONITSHA 2 ,100.0,1015.0,0.0,101500.0,101500.0,30488.2,0.0,0.0,,,,
120467,MOMO - SOF,,MOMO,ALAKAHIA ,100.0,0.0,0.0,0.0,0.0,46036.0,1400.0,0.0,,,,
120467,MOMO - SOF,,MOMO,OWERRI 2 ,100.0,500.0,0.0,50000.0,50000.0,46752.7,0.0,0.0,,,,
120468,MTN MIFI,,ACCESSORIES,IMT ,15000.0,2.0,27000.004,30000.0,2999.996,11.0,0.0,0.0,,,,
120468,MTN MIFI,,ACCESSORIES,ALVAN 1 ,15000.0,4.0,54000.008,60000.0,5999.992,14.0,0.0,0.0,,,,
120468,MTN MIFI,,ACCESSORIES,MBAITOLI ,15000.0,4.0,54000.008,60000.0,5999.992,16.0,1.0,0.0,,,,
120468,MTN MIFI,,ACCESSORIES,ALVAN 2 ,15000.0,0.0,0.0,0.0,0.0,6.0,0.0,0.0,,,,
120468,MTN MIFI,,ACCESSORIES,UNIZIK 2,15000.0,2.0,27000.004,30000.0,2999.996,25.0,1.0,0.0,,,,
120468,MTN MIFI,,ACCESSORIES,IMSU ,15000.0,4.0,54000.008,60000.0,5999.992,29.0,0.0,0.0,,,,
120468,MTN MIFI,,ACCESSORIES,IGWURUTA ,15000.0,4.0,54000.008,60000.0,5999.992,37.0,2.0,0.0,,,,
120468,MTN MIFI,,ACCESSORIES,OKO ,15000.0,1.0,13500.002,15000.0,1499.998,15.0,0.0,0.0,,,,
120468,MTN MIFI,,ACCESSORIES,EBU AWKA,15000.0,14.0,189000.028,210000.0,20999.972,76.0,0.0,0.0,,,,
120468,MTN MIFI,,ACCESSORIES,ASABA INPLANT,15000.0,0.0,11250.05,0.0,11250.05,71.0,7.0,0.0,,,,
120468,MTN MIFI,,ACCESSORIES,ULI ,15000.0,2.0,27000.004,30000.0,2999.996,11.0,0.0,0.0,,,,
120468,MTN MIFI,,ACCESSORIES,IHIALA  ,15000.0,4.0,54000.008,60000.0,5999.992,28.0,0.0,0.0,,,,
120468,MTN MIFI,,ACCESSORIES,IGBARIAM ,15000.0,1.0,13500.001,15000.0,1499.999,41.0,0.0,0.0,,,,
120468,MTN MIFI,,ACCESSORIES,ESUT ,15000.0,1.0,6750.0,15000.0,8250.0,0.0,0.0,0.0,,,,
120468,MTN MIFI,,ACCESSORIES,NEKEDE ,15000.0,5.0,67500.005,75000.0,7499.995,19.0,1.0,0.0,,,,
120468,MTN MIFI,,ACCESSORIES,ULAKWO ,15000.0,2.0,27000.004,30000.0,2999.996,1.0,0.0,0.0,,,,
120468,MTN MIFI,,ACCESSORIES,OKIGWE HUB,15000.0,40.0,540000.08,600000.0,59999.92,148.0,150.0,0.0,,,,
120468,MTN MIFI,,ACCESSORIES,OWERRI 2 ,15000.0,112.0,1512000.224,1680000.0,167999.776,721.0,15.0,0.0,,,,
120468,MTN MIFI,,ACCESSORIES,AIRPORT ,15000.0,10.0,135000.02,150000.0,14999.98,284.0,18.0,0.0,,,,
120468,MTN MIFI,,ACCESSORIES,ONITSHA 2 ,15000.0,89.0,1323000.196,1335000.0,11999.804,624.0,145.0,0.0,,,,
120468,MTN MIFI,,ACCESSORIES,AWKA ,15000.0,162.0,2187000.29,2430000.0,242999.71,772.0,107.0,2.0,,,,
120468,MTN MIFI,,ACCESSORIES,ALAKAHIA ,15000.0,182.0,3280500.608,2730000.0,550500.608,662.0,70.0,0.0,,,,
120468,MTN MIFI,,ACCESSORIES,OANDO ,15000.0,0.0,0.0,0.0,0.0,8.0,0.0,0.0,,,,
120468,MTN MIFI,,ACCESSORIES,ELELE ,15000.0,7.0,94500.014,105000.0,10499.986,22.0,0.0,0.0,,,,
120468,MTN MIFI,,ACCESSORIES,UNIZIK 1,15000.0,1.0,13500.001,15000.0,1499.999,10.0,0.0,0.0,,,,
120468,MTN MIFI,,ACCESSORIES,HEAD OFFICE,15000.0,1.0,13500.002,15000.0,1499.998,0.0,55.0,0.0,,,,
120468,MTN MIFI,,ACCESSORIES,STATE SEC ,15000.0,1.0,13500.002,15000.0,1499.998,1.0,0.0,0.0,,,,
120469,MTN HYNET CAT 6,,ACCESSORIES,IMSU ,40000.0,0.0,0.0,0.0,0.0,4.0,0.0,0.0,,,,
120469,MTN HYNET CAT 6,,ACCESSORIES,HEAD OFFICE,40000.0,0.0,0.0,0.0,0.0,0.0,6.0,0.0,,,,
120469,MTN HYNET CAT 6,,ACCESSORIES,ALVAN 2 ,40000.0,0.0,0.0,0.0,0.0,1.0,0.0,0.0,,,,
120469,MTN HYNET CAT 6,,ACCESSORIES,UNIZIK 1,40000.0,0.0,0.0,0.0,0.0,3.0,0.0,0.0,,,,
120469,MTN HYNET CAT 6,,ACCESSORIES,IGWURUTA ,40000.0,2.0,71999.996,80000.0,8000.004,4.0,0.0,0.0,,,,
120469,MTN HYNET CAT 6,,ACCESSORIES,ASABA INPLANT,40000.0,0.0,0.0,0.0,0.0,29.0,4.0,0.0,,,,
120469,MTN HYNET CAT 6,,ACCESSORIES,IHIALA  ,40000.0,0.0,0.0,0.0,0.0,6.0,0.0,0.0,,,,
120469,MTN HYNET CAT 6,,ACCESSORIES,EBU AWKA,40000.0,5.0,161999.994,200000.0,38000.006,6.0,0.0,0.0,,,,
120469,MTN HYNET CAT 6,,ACCESSORIES,UNIZIK 2,40000.0,0.0,0.0,0.0,0.0,5.0,0.0,0.0,,,,
120469,MTN HYNET CAT 6,,ACCESSORIES,OKIGWE HUB,40000.0,0.0,0.0,0.0,0.0,13.0,0.0,0.0,,,,
120469,MTN HYNET CAT 6,,ACCESSORIES,OWERRI 2 ,40000.0,5.0,179999.99,200000.0,20000.01,212.0,1.0,0.0,,,,
120469,MTN HYNET CAT 6,,ACCESSORIES,ULI ,40000.0,1.0,27000.0,40000.0,13000.0,1.0,0.0,0.0,,,,
120469,MTN HYNET CAT 6,,ACCESSORIES,AIRPORT ,40000.0,0.0,0.0,0.0,0.0,66.0,0.0,0.0,,,,
120469,MTN HYNET CAT 6,,ACCESSORIES,ONITSHA 2 ,40000.0,16.0,512999.97,640000.0,127000.03,76.0,50.0,0.0,,,,
120469,MTN HYNET CAT 6,,ACCESSORIES,AWKA ,40000.0,0.0,0.0,0.0,0.0,95.0,11.0,0.0,,,,
120469,MTN HYNET CAT 6,,ACCESSORIES,ALAKAHIA ,40000.0,0.0,656999.92,0.0,656999.92,153.0,6.0,0.0,,,,
120470,MTN HYNET CAT 4,,ACCESSORIES,EBU AWKA,20000.0,10.0,179999.99,200000.0,20000.01,89.0,0.0,0.0,,,,
120470,MTN HYNET CAT 4,,ACCESSORIES,IMSU ,20000.0,1.0,17999.999,20000.0,2000.001,10.0,0.0,1.0,,,,
120470,MTN HYNET CAT 4,,ACCESSORIES,ONITSHA 2 ,20000.0,0.0,0.0,0.0,0.0,303.0,30.0,0.0,,,,
120470,MTN HYNET CAT 4,,ACCESSORIES,ASABA INPLANT,20000.0,0.0,0.0,0.0,0.0,25.0,0.0,0.0,,,,
120470,MTN HYNET CAT 4,,ACCESSORIES,OKO ,20000.0,0.0,0.0,0.0,0.0,3.0,0.0,0.0,,,,
120470,MTN HYNET CAT 4,,ACCESSORIES,UNIZIK 2,20000.0,1.0,17999.999,20000.0,2000.001,8.0,0.0,0.0,,,,
120470,MTN HYNET CAT 4,,ACCESSORIES,UNIZIK 1,20000.0,0.0,0.0,0.0,0.0,7.0,0.0,0.0,,,,
120470,MTN HYNET CAT 4,,ACCESSORIES,HEAD OFFICE,20000.0,0.0,0.0,0.0,0.0,0.0,63.0,0.0,,,,
120470,MTN HYNET CAT 4,,ACCESSORIES,IHIALA  ,20000.0,0.0,0.0,0.0,0.0,4.0,0.0,0.0,,,,
120470,MTN HYNET CAT 4,,ACCESSORIES,IMT ,20000.0,0.0,0.0,0.0,0.0,1.0,0.0,0.0,,,,
120470,MTN HYNET CAT 4,,ACCESSORIES,ULAKWO ,20000.0,0.0,0.0,0.0,0.0,1.0,0.0,0.0,,,,
120470,MTN HYNET CAT 4,,ACCESSORIES,ELELE ,20000.0,1.0,17999.999,20000.0,2000.001,9.0,0.0,0.0,,,,
120470,MTN HYNET CAT 4,,ACCESSORIES,STATE SEC ,20000.0,0.0,0.0,0.0,0.0,1.0,0.0,0.0,,,,
120470,MTN HYNET CAT 4,,ACCESSORIES,ALAKAHIA ,20000.0,29.0,629999.959,580000.0,49999.959,455.0,93.0,0.0,,,,
120470,MTN HYNET CAT 4,,ACCESSORIES,AWKA ,20000.0,6.0,107999.994,120000.0,12000.006,295.0,18.0,0.0,,,,
120470,MTN HYNET CAT 4,,ACCESSORIES,AIRPORT ,20000.0,8.0,143999.992,160000.0,16000.008,108.0,19.0,0.0,,,,
120470,MTN HYNET CAT 4,,ACCESSORIES,OWERRI 2 ,20000.0,5.0,89999.995,100000.0,10000.005,461.0,3.0,0.0,,,,
120470,MTN HYNET CAT 4,,ACCESSORIES,OKIGWE HUB,20000.0,0.0,0.0,0.0,0.0,39.0,15.0,0.0,,,,
120470,MTN HYNET CAT 4,,ACCESSORIES,IGWURUTA ,20000.0,4.0,71999.996,80000.0,8000.004,9.0,1.0,0.0,,,,
120470,MTN HYNET CAT 4,,ACCESSORIES,NEKEDE ,20000.0,2.0,35999.998,40000.0,4000.002,4.0,1.0,0.0,,,,
120470,MTN HYNET CAT 4,,ACCESSORIES,ALVAN 1 ,20000.0,4.0,71999.996,80000.0,8000.004,7.0,0.0,0.0,,,,
120470,MTN HYNET CAT 4,,ACCESSORIES,MBAITOLI ,20000.0,3.0,53999.997,60000.0,6000.003,10.0,0.0,0.0,,,,
120470,MTN HYNET CAT 4,,ACCESSORIES,ALVAN 2 ,20000.0,0.0,0.0,0.0,0.0,1.0,0.0,0.0,,,,
120473,EYESYTE PTZ CAMERA,,ACCESSORIES,EBU AWKA,25000.0,0.0,0.0,0.0,0.0,3.0,2.0,0.0,,,,
120473,EYESYTE PTZ CAMERA,,ACCESSORIES,HEAD OFFICE,25000.0,0.0,0.0,0.0,0.0,0.0,3.0,0.0,,,,
120474,EYESYTE BATTERY CAMERA,,ACCESSORIES,EBU AWKA,78000.0,1.0,72558.14,78000.0,5441.86,0.0,0.0,0.0,,,,
120475,EYESYTE DOORBELL CAMERA,,ACCESSORIES,,55000.0,0.0,0.0,0.0,0.0,0.0,0.0,0.0,,,,
120476,MTN CAR TRACKER,,ACCESSORIES,,55500.0,0.0,0.0,0.0,0.0,0.0,0.0,0.0,,,,
120478,EYESYTE ALARM GATEWAY SYSTEM,,ACCESSORIES,,57500.0,0.0,0.0,0.0,0.0,0.0,0.0,0.0,,,,
120479,EYESYTE SURVEILLANCE CAMERS (WITH SOLAR ),,ACCESSORIES,HEAD OFFICE,195500.0,0.0,0.0,0.0,0.0,0.0,3.0,0.0,,,,
120479,EYESYTE SURVEILLANCE CAMERS (WITH SOLAR ),,ACCESSORIES,EBU AWKA,195500.0,0.0,0.0,0.0,0.0,3.0,0.0,0.0,,,,
120480,EYESYTE SURVEILLANCE CAMERS (WITHOUT SOLAR),,ACCESSORIES,,172000.0,0.0,0.0,0.0,0.0,0.0,0.0,0.0,,,,
120961,TECNO POVA NEO (4/64GB),,PHONES,ALAKAHIA ,91500.0,0.0,0.0,0.0,0.0,1.0,0.0,0.0,,,,
120964,TECNO SPARK 8C (3/64GB),,PHONES,AWKA ,70000.0,0.0,0.0,0.0,0.0,2.0,0.0,0.0,,,,
120965,TECNO POP 6 GO,,PHONES,AWKA ,54000.0,0.0,0.0,0.0,0.0,1.0,0.0,0.0,,,,
120968,TECNO SPARK 8P (4/128GB),,PHONES,AWKA ,85000.0,0.0,0.0,0.0,0.0,2.0,0.0,0.0,,,,
120970,TECNO 101,,PHONES,AIRPORT ,17000.0,0.0,0.0,0.0,0.0,26.0,4.0,0.0,,,,
120970,TECNO 101,,PHONES,ALAKAHIA ,17000.0,0.0,0.0,0.0,0.0,4.0,0.0,0.0,,,,
120970,TECNO 101,,PHONES,ULAKWO ,17000.0,0.0,0.0,0.0,0.0,1.0,0.0,0.0,,,,
120970,TECNO 101,,PHONES,IMT ,17000.0,1.0,14500.0,17000.0,2500.0,13.0,0.0,0.0,,,,
120970,TECNO 101,,PHONES,OWERRI 2 ,17000.0,5.0,72500.0,85000.0,12500.0,95.0,0.0,0.0,,,,
120970,TECNO 101,,PHONES,AWKA ,17000.0,17.0,246500.0,289000.0,42500.0,46.0,36.0,1.0,,,,
120970,TECNO 101,,PHONES,IMSU ,17000.0,2.0,29000.0,34000.0,5000.0,15.0,0.0,0.0,,,,
120970,TECNO 101,,PHONES,ESUT ,17000.0,2.0,12000.0,34000.0,22000.0,0.0,0.0,0.0,,,,
120970,TECNO 101,,PHONES,OKIGWE HUB,17000.0,4.0,58000.0,68000.0,10000.0,3.0,0.0,0.0,,,,
120972,MOTTO C PLUS,,,AIRPORT ,24500.0,0.0,0.0,0.0,0.0,0.0,0.0,1.0,,,,
120973,INFINIX HOT 12 PLAY,,PHONES,OWERRI 2 ,110000.0,0.0,0.0,0.0,0.0,1.0,0.0,0.0,,,,
120974,ITEL 2070,,PHONES,ESUT ,5000.0,1.0,4000.0,5000.0,1000.0,0.0,0.0,0.0,,,,
120976,TECNO SPARK 5,,PHONES,ALAKAHIA ,67500.0,0.0,0.0,0.0,0.0,1.0,0.0,0.0,,,,
121055,Tecno 352,,PHONES,AWKA ,12000.0,5.0,91000.0,60000.0,31000.0,14.0,1.0,0.0,,,,
121055,Tecno 352,,PHONES,IMSU ,12000.0,0.0,0.0,0.0,0.0,1.0,0.0,0.0,,,,
121223,RACHAEL MO-MO,,,OWERRI 2 ,1.0,843389.6,843389.6,843389.6,0.0,0.0,0.0,0.0,,,,
121266,VTU,,VTU,IGBARIAM ,1.0,0.0,0.0,0.0,0.0,781100.0,0.0,0.0,,,,
121266,VTU,,VTU,ONITSHA 2 ,1.0,2747932.0,2651754.38,2747932.0,96177.62,5683950.0,11050000.0,0.0,,,,
121266,VTU,,VTU,ALVAN 1 ,1.0,0.0,0.0,0.0,0.0,799200.0,0.0,0.0,,,,
121266,VTU,,VTU,MBAITOLI ,1.0,50000.0,48250.0,50000.0,1750.0,804000.0,0.0,0.0,,,,
121266,VTU,,VTU,IHIALA  ,1.0,0.0,0.0,0.0,0.0,448200.0,0.0,0.0,,,,
121266,VTU,,VTU,ULI ,1.0,14400.0,13896.0,14400.0,504.0,388100.0,0.0,0.0,,,,
121266,VTU,,VTU,OANDO ,1.0,42200.0,40723.0,42200.0,1477.0,306700.0,0.0,0.0,,,,
121266,VTU,,VTU,STATE SEC ,1.0,6000.0,5790.0,6000.0,210.0,947200.0,0.0,0.0,,,,
121266,VTU,,VTU,ASABA INPLANT,1.0,0.0,0.0,0.0,0.0,7116000.0,34000.0,0.0,,,,
121266,VTU,,VTU,IGWURUTA ,1.0,0.0,0.0,0.0,0.0,90000.0,0.0,0.0,,,,
121266,VTU,,VTU,OKIGWE ,1.0,49650.0,47912.25,49650.0,1737.75,510350.0,0.0,0.0,,,,
121266,VTU,,VTU,NEKEDE ,1.0,0.0,0.0,0.0,0.0,310000.0,0.0,0.0,,,,
121266,VTU,,VTU,UNIZIK 1,1.0,0.0,0.0,0.0,0.0,20000.0,0.0,0.0,,,,
121266,VTU,,VTU,AIRPORT ,1.0,14.7,6082.334,14.7,6097.034,22141940.3,0.0,0.0,,,,
121266,VTU,,VTU,ALAKAHIA ,1.0,0.0,0.0,0.0,0.0,52361388.0,170000.0,0.0,,,,
121266,VTU,,VTU,ELELE ,1.0,0.0,0.0,0.0,0.0,83300.0,0.0,0.0,,,,
121266,VTU,,VTU,AWKA ,1.0,730953.0,705469.645,730953.0,25483.355,38675650.0,7215001.0,0.0,,,,
121266,VTU,,VTU,IMSU ,1.0,0.0,0.0,0.0,0.0,953000.0,0.0,0.0,,,,
121266,VTU,,VTU,UNIZIK 2,1.0,49815.0,49519.94,49815.0,295.06,2964585.0,1.0,0.0,,,,
121266,VTU,,VTU,ULAKWO ,1.0,4500.0,4342.5,4500.0,157.5,631300.0,0.0,0.0,,,,
121266,VTU,,VTU,IMT ,1.0,0.0,0.0,0.0,0.0,168700.0,20000.0,0.0,,,,
121266,VTU,,VTU,OKO ,1.0,13530.0,13056.45,13530.0,473.55,1822850.0,0.0,0.0,,,,
121266,VTU,,VTU,OWERRI 2 ,1.0,1473800.0,1422217.0,1473800.0,51583.0,46472200.0,500000.0,0.0,,,,
121266,VTU,,VTU,ALVAN 2 ,1.0,0.0,0.0,0.0,0.0,0.0,0.0,0.0,,,,
121266,VTU,,VTU,OKIGWE HUB,1.0,2683500.0,2589577.5,2683500.0,93922.5,14009300.0,1150000.0,0.0,,,,
121266,VTU,,VTU,ESUT ,1.0,33600.0,32424.0,33600.0,1176.0,1699600.0,0.0,0.0,,,,
121964,ITEL A18,,PHONES,AWKA ,28500.0,0.0,0.0,0.0,0.0,8.0,1.0,0.0,,,,
121964,ITEL A18,,PHONES,UNIZIK 2,28500.0,0.0,0.0,0.0,0.0,1.0,0.0,0.0,,,,
135860,Tecno 467,,PHONES,IMSU ,33000.0,0.0,0.0,0.0,0.0,1.0,0.0,0.0,,,,
135860,Tecno 467,,PHONES,AWKA ,33000.0,0.0,0.0,0.0,0.0,8.0,1.0,0.0,,,,
173585,ITEL 2166,,PHONES,OWERRI 2 ,15000.0,0.0,0.0,0.0,0.0,60.0,0.0,0.0,,,,
173585,ITEL 2166,,PHONES,AWKA ,15000.0,0.0,0.0,0.0,0.0,36.0,6.0,0.0,,,,
173585,ITEL 2166,,PHONES,IMSU ,15000.0,0.0,0.0,0.0,0.0,2.0,0.0,0.0,,,,
173585,ITEL 2166,,PHONES,ULAKWO ,15000.0,0.0,0.0,0.0,0.0,2.0,0.0,0.0,,,,
173585,ITEL 2166,,PHONES,UNIZIK 1,15000.0,0.0,0.0,0.0,0.0,1.0,0.0,0.0,,,,
173585,ITEL 2166,,PHONES,IMT ,15000.0,0.0,0.0,0.0,0.0,1.0,0.0,0.0,,,,
173590,ITEL A70,,PHONES,OWERRI 2 ,89000.0,0.0,0.0,0.0,0.0,2.0,0.0,0.0,,,,
176505,INFINIX SMART8 (1/64),,PHONES,AWKA ,120000.0,0.0,0.0,0.0,0.0,3.0,1.0,0.0,,,,
176505,INFINIX SMART8 (1/64),,PHONES,UNIZIK 1,120000.0,0.0,0.0,0.0,0.0,1.0,0.0,0.0,,,,
176506,INFINIX SMART8 (4/128),,PHONES,AWKA ,132000.0,0.0,0.0,0.0,0.0,1.0,1.0,0.0,,,,
176506,INFINIX SMART8 (4/128),,PHONES,UNIZIK 1,132000.0,0.0,0.0,0.0,0.0,1.0,0.0,0.0,,,,
179467,ITEL 2176,,PHONES,OWERRI 2 ,16000.0,0.0,0.0,0.0,0.0,30.0,0.0,0.0,,,,
179467,ITEL 2176,,PHONES,AWKA ,16000.0,0.0,0.0,0.0,0.0,8.0,2.0,0.0,,,,
179467,ITEL 2176,,PHONES,OKIGWE HUB,16000.0,0.0,0.0,0.0,0.0,2.0,0.0,0.0,,,,
179468,ITEL 5609,,PHONES,OWERRI 2 ,20000.0,0.0,0.0,0.0,0.0,5.0,0.0,0.0,,,,
209588,TECNO 352,,PHONES,OWERRI 2 ,16000.0,0.0,0.0,0.0,0.0,15.0,0.0,0.0,,,,
209588,TECNO 352,,PHONES,AWKA ,16000.0,0.0,0.0,0.0,0.0,5.0,0.0,0.0,,,,
209592,ITEL 2311,,PHONES,OWERRI 2 ,15500.0,0.0,0.0,0.0,0.0,5.0,0.0,0.0,,,,
240860,EYESYTE BATTERY CAMERA,,ACCESSORIES,HEAD OFFICE,0.0,0.0,0.0,0.0,0.0,0.0,1.0,0.0,,,,
240860,EYESYTE BATTERY CAMERA,,ACCESSORIES,EBU AWKA,0.0,1.0,72558.14,0.0,72558.14,0.0,0.0,0.0,,,,
241673,ITEL 2165,,PHONES,AWKA ,12000.0,0.0,0.0,0.0,0.0,14.0,6.0,0.0,,,,
241673,ITEL 2165,,PHONES,IMSU ,12000.0,0.0,0.0,0.0,0.0,2.0,0.0,0.0,,,,
241673,ITEL 2165,,PHONES,IMT ,12000.0,0.0,0.0,0.0,0.0,2.0,0.0,0.0,,,,
241673,ITEL 2165,,PHONES,ULAKWO ,12000.0,0.0,0.0,0.0,0.0,2.0,0.0,0.0,,,,
241673,ITEL 2165,,PHONES,OWERRI 2 ,12000.0,9.0,94500.0,108000.0,13500.0,11.0,0.0,0.0,,,,
241675,INFINIX SMART 9(3/128),,PHONES,AWKA ,140000.0,1.0,140900.0,140000.0,900.0,1.0,0.0,0.0,,,,
245322,ITEL 5082,,PHONES,OWERRI 2 ,22000.0,0.0,0.0,0.0,0.0,5.0,0.0,0.0,,,,
245323,TECNO 302,,PHONES,OWERRI 2 ,20000.0,0.0,0.0,0.0,0.0,14.0,0.0,0.0,,,,
245323,TECNO 302,,PHONES,IMSU ,20000.0,2.0,35400.0,40000.0,4600.0,0.0,0.0,0.0,,,,
245323,TECNO 302,,PHONES,AWKA ,20000.0,2.0,32400.0,40000.0,7600.0,28.0,5.0,0.0,,,,
245323,TECNO 302,,PHONES,IMT ,20000.0,0.0,0.0,0.0,0.0,3.0,0.0,0.0,,,,
247200,TECNO SPARK 30C(4/128GB),,PHONES,AWKA ,158000.0,0.0,0.0,0.0,0.0,1.0,0.0,0.0,,,,
247201,INFINIX HOT 50i (4/128gb),,PHONES,AWKA ,158000.0,2.0,303300.0,316000.0,12700.0,1.0,0.0,0.0,,,,
249196,MOMO HEAD OFFICE,,MOMO,ALVAN 1 ,100.0,187.5,18748.55,18750.0,1.45,9839.0,873.5,0.0,,,,
249196,MOMO HEAD OFFICE,,MOMO,IGWURUTA ,100.0,506.0,50600.0,50600.0,0.0,4494.0,0.0,0.0,,,,
249196,MOMO HEAD OFFICE,,MOMO,ELELE ,100.0,1770.0,177000.0,177000.0,0.0,6230.0,0.0,0.0,,,,
249196,MOMO HEAD OFFICE,,MOMO,ALVAN 2 ,100.0,185.0,18501.45,18500.0,1.45,2618.5,270.0,0.0,,,,
249196,MOMO HEAD OFFICE,,MOMO,OKIGWE ,100.0,495.0,49500.0,49500.0,0.0,2705.0,0.0,0.0,,,,
249196,MOMO HEAD OFFICE,,MOMO,MBAITOLI ,100.0,386.0,38600.0,38600.0,0.0,10114.0,0.0,0.0,,,,
249196,MOMO HEAD OFFICE,,MOMO,OKIGWE HUB,100.0,778.0,77800.0,77800.0,0.0,9223.5,0.0,0.0,,,,
249196,MOMO HEAD OFFICE,,MOMO,IHIALA  ,100.0,1856.0,185600.0,185600.0,0.0,8441.0,0.0,0.0,,,,
249196,MOMO HEAD OFFICE,,MOMO,IGBARIAM ,100.0,315.5,31550.0,31550.0,0.0,1684.5,0.0,0.0,,,,
249196,MOMO HEAD OFFICE,,MOMO,EBU AWKA,100.0,1500.0,150000.0,150000.0,0.0,26004.5,0.0,0.0,,,,
249196,MOMO HEAD OFFICE,,MOMO,ULI ,100.0,0.0,0.0,0.0,0.0,2703.0,297.0,0.0,,,,
249196,MOMO HEAD OFFICE,,MOMO,OWERRI 2 ,100.0,5236.0,523600.0,523600.0,0.0,45391.5,2900.0,0.0,,,,
249196,MOMO HEAD OFFICE,,MOMO,OKO ,100.0,524.0,52400.0,52400.0,0.0,1976.0,0.0,0.0,,,,
249196,MOMO HEAD OFFICE,,MOMO,UNIZIK 2,100.0,0.0,0.0,0.0,0.0,0.0,0.0,0.0,,,,
249196,MOMO HEAD OFFICE,,MOMO,AWKA ,100.0,11193.5,1119350.0,1119350.0,0.0,51950.5,36900.0,0.0,,,,
249196,MOMO HEAD OFFICE,,MOMO,ESUT ,100.0,0.0,0.0,0.0,0.0,500.0,0.0,0.0,,,,
249196,MOMO HEAD OFFICE,,MOMO,IMT ,100.0,140.2,14019.75,14020.0,0.25,1559.8,0.0,0.0,,,,
249196,MOMO HEAD OFFICE,,MOMO,UMUAGWO ,100.0,490.0,49000.0,49000.0,0.0,1760.0,0.0,0.0,,,,
249196,MOMO HEAD OFFICE,,MOMO,STATE SEC ,100.0,407.0,40700.0,40700.0,0.0,3243.0,0.0,0.0,,,,
249196,MOMO HEAD OFFICE,,MOMO,AIRPORT ,100.0,637.0,63700.0,63700.0,0.0,38363.0,0.0,0.0,,,,
249196,MOMO HEAD OFFICE,,MOMO,IMSU ,100.0,427.0,42700.0,42700.0,0.0,6973.0,0.0,0.0,,,,
249196,MOMO HEAD OFFICE,,MOMO,ULAKWO ,100.0,367.0,36700.0,36700.0,0.0,6733.0,0.0,0.0,,,,
249196,MOMO HEAD OFFICE,,MOMO,NEKEDE ,100.0,150.0,15000.0,15000.0,0.0,7750.0,0.0,0.0,,,,
249196,MOMO HEAD OFFICE,,MOMO,OANDO ,100.0,174.5,17450.0,17450.0,0.0,1325.5,0.0,0.0,,,,
249196,MOMO HEAD OFFICE,,MOMO,UNIZIK 1,100.0,547.0,54700.0,54700.0,0.0,10153.0,0.0,0.0,,,,
249196,MOMO HEAD OFFICE,,MOMO,ONITSHA 2 ,100.0,10291.0,1029100.0,1029100.0,0.0,48129.0,44700.0,0.0,,,,
249196,MOMO HEAD OFFICE,,MOMO,ALAKAHIA ,100.0,7190.0,719000.0,719000.0,0.0,94832.0,13000.0,0.0,,,,
249196,MOMO HEAD OFFICE,,MOMO,HEAD OFFICE,100.0,0.0,0.0,0.0,0.0,31689.0,0.0,0.0,,,,
261734,SAMSUNG A1659 (4/128)GB,,PHONES,OWERRI 2 ,280000.0,1.0,267900.0,280000.0,12100.0,0.0,0.0,0.0,,,,
453768,itel 6350,,PHONES,OWERRI 2 ,17000.0,1.0,15300.0,17000.0,1700.0,9.0,0.0,0.0,,,,
LOGICAL 100,N100,,LOGICALS,ONITSHA 2 ,100.0,6688.0,645371.936,668800.0,23428.064,151083.0,61100.0,0.0,,,,
LOGICAL 100,N100,,LOGICALS,ALAKAHIA ,100.0,39000.0,3771335.0,3900000.0,128665.0,490779.0,78271.0,1000.0,,,,
LOGICAL 100,N100,,LOGICALS,OKIGWE HUB,100.0,1280.0,123516.16,128000.0,4483.84,10220.0,0.0,0.0,,,,
LOGICAL 100,N100,,LOGICALS,AWKA ,100.0,1000.0,96497.0,100000.0,3503.0,35260.0,52575.0,0.0,,,,
LOGICAL 100,N100,,LOGICALS,UMUAKA ,100.0,0.0,0.0,0.0,0.0,4707.0,583.0,0.0,,,,
LOGICAL 100,N100,,LOGICALS,ALVAN 2 ,100.0,65.0,6272.305,6500.0,227.695,6275.0,750.0,0.0,,,,
LOGICAL 100,N100,,LOGICALS,OKO ,100.0,623.0,60117.631,62300.0,2182.369,5343.0,0.0,7.0,,,,
LOGICAL 100,N100,,LOGICALS,STATE SEC ,100.0,817.0,78837.098,81700.0,2862.902,15038.0,0.0,0.0,,,,
LOGICAL 100,N100,,LOGICALS,OANDO ,100.0,618.0,59635.092,61800.0,2164.908,9733.0,0.0,0.0,,,,
LOGICAL 100,N100,,LOGICALS,ULI ,100.0,496.0,47862.512,49600.0,1737.488,16009.0,0.0,0.0,,,,
LOGICAL 100,N100,,LOGICALS,IHIALA  ,100.0,940.0,90707.18,94000.0,3292.82,37000.0,500.0,0.0,,,,
LOGICAL 100,N100,,LOGICALS,MBAITOLI ,100.0,778.0,75074.666,77800.0,2725.334,25108.0,200.0,0.0,,,,
LOGICAL 100,N100,,LOGICALS,ALVAN 1 ,100.0,493.0,48248.5,49300.0,1051.5,14160.0,600.0,0.0,,,,
LOGICAL 100,N100,,LOGICALS,UNIZIK 2,100.0,69.0,6654.814,6900.0,245.186,2511.0,0.0,20.0,,,,
LOGICAL 100,N100,,LOGICALS,IGBARIAM ,100.0,853.0,82311.042,85300.0,2988.958,5219.0,0.0,0.0,,,,
LOGICAL 100,N100,,LOGICALS,AIRPORT ,100.0,10400.0,1042173.4,1040000.0,2173.4,62853.0,97850.0,300.0,,,,
LOGICAL 100,N100,,LOGICALS,UMUAGWO ,100.0,1030.0,99390.92,103000.0,3609.08,5970.0,0.0,0.0,,,,
LOGICAL 100,N100,,LOGICALS,IGWURUTA ,100.0,4210.0,406258.29,421000.0,14741.71,29440.0,0.0,0.0,,,,
LOGICAL 100,N100,,LOGICALS,ELELE ,100.0,1550.0,149571.9,155000.0,5428.1,27500.0,0.0,0.0,,,,
LOGICAL 100,N100,,LOGICALS,IMSU ,100.0,570.0,55003.29,57000.0,1996.71,12085.0,1550.0,0.0,,,,
LOGICAL 100,N100,,LOGICALS,ULAKWO ,100.0,390.0,37633.83,39000.0,1366.17,9081.0,0.0,0.0,,,,
LOGICAL 100,N100,,LOGICALS,NEKEDE ,100.0,433.0,41782.802,43300.0,1517.198,14760.0,650.0,0.0,,,,
LOGICAL 100,N100,,LOGICALS,ESUT ,100.0,0.0,0.0,0.0,0.0,5030.0,0.0,0.0,,,,
LOGICAL 100,N100,,LOGICALS,IMT ,100.0,32.0,3087.936,3200.0,112.064,11588.0,100.0,0.0,,,,
LOGICAL 100,N100,,LOGICALS,OKIGWE ,100.0,1490.0,143780.53,149000.0,5219.47,14880.0,700.0,0.0,,,,
LOGICAL 100,N100,,LOGICALS,UNIZIK 1,100.0,408.0,39370.776,40800.0,1429.224,3345.0,0.0,0.0,,,,
LOGICAL 1000,N1000,,LOGICALS,ALVAN 1 ,1000.0,102.0,105184.564,102000.0,3184.564,2865.0,0.0,0.0,,,,
LOGICAL 1000,N1000,,LOGICALS,IHIALA  ,1000.0,254.0,245106.676,254000.0,8893.324,1887.0,0.0,0.0,,,,
LOGICAL 1000,N1000,,LOGICALS,MBAITOLI ,1000.0,227.0,219054.092,227000.0,7945.908,4557.0,250.0,0.0,,,,
LOGICAL 1000,N1000,,LOGICALS,ULI ,1000.0,87.0,83954.652,87000.0,3045.348,1037.0,0.0,0.0,,,,
LOGICAL 1000,N1000,,LOGICALS,OANDO ,1000.0,90.0,86849.64,90000.0,3150.36,1658.0,0.0,0.0,,,,
LOGICAL 1000,N1000,,LOGICALS,STATE SEC ,1000.0,172.0,165979.312,172000.0,6020.688,2846.0,0.0,0.0,,,,
LOGICAL 1000,N1000,,LOGICALS,OKO ,1000.0,32.0,30879.808,32000.0,1120.192,1716.0,0.0,0.0,,,,
LOGICAL 1000,N1000,,LOGICALS,ALVAN 2 ,1000.0,0.0,0.0,0.0,0.0,1333.0,570.0,0.0,,,,
LOGICAL 1000,N1000,,LOGICALS,UMUAKA ,1000.0,0.0,0.0,0.0,0.0,353.0,139.0,0.0,,,,
LOGICAL 1000,N1000,,LOGICALS,AWKA ,1000.0,600.0,578995.965,600000.0,21004.035,11340.0,19030.0,0.0,,,,
LOGICAL 1000,N1000,,LOGICALS,IGWURUTA ,1000.0,167.0,161154.499,167000.0,5845.501,273.0,0.0,0.0,,,,
LOGICAL 1000,N1000,,LOGICALS,OKIGWE HUB,1000.0,0.0,0.0,0.0,0.0,650.0,0.0,0.0,,,,
LOGICAL 1000,N1000,,LOGICALS,OWERRI 2 ,1000.0,2845.0,2745416.465,2845000.0,99583.535,21155.0,0.0,0.0,,,,
LOGICAL 1000,N1000,,LOGICALS,UMUAGWO ,1000.0,200.0,192999.2,200000.0,7000.8,790.0,50.0,0.0,,,,
LOGICAL 1000,N1000,,LOGICALS,IGBARIAM ,1000.0,105.0,101324.63,105000.0,3675.37,997.0,0.0,0.0,,,,
LOGICAL 1000,N1000,,LOGICALS,ALAKAHIA ,1000.0,2000.0,1957992.31,2000000.0,42007.69,19782.0,1840.0,0.0,,,,
LOGICAL 1000,N1000,,LOGICALS,ONITSHA 2 ,1000.0,873.0,842441.508,873000.0,30558.492,21023.0,8020.0,0.0,,,,
LOGICAL 1000,N1000,,LOGICALS,AIRPORT ,1000.0,1700.0,1640489.5,1700000.0,59510.5,1507.0,12587.0,0.0,,,,
LOGICAL 1000,N1000,,LOGICALS,ELELE ,1000.0,167.0,161154.499,167000.0,5845.501,188.0,800.0,0.0,,,,
LOGICAL 1000,N1000,,LOGICALS,IMSU ,1000.0,201.0,193964.394,201000.0,7035.606,4881.0,200.0,0.0,,,,
LOGICAL 1000,N1000,,LOGICALS,ULAKWO ,1000.0,135.0,130274.595,135000.0,4725.405,1820.0,0.0,0.0,,,,
LOGICAL 1000,N1000,,LOGICALS,NEKEDE ,1000.0,158.0,152469.526,158000.0,5530.474,3625.0,100.0,0.0,,,,
LOGICAL 1000,N1000,,LOGICALS,ESUT ,1000.0,38.0,36669.468,38000.0,1330.532,555.0,0.0,0.0,,,,
LOGICAL 1000,N1000,,LOGICALS,IMT ,1000.0,0.0,0.0,0.0,0.0,1714.0,0.0,0.0,,,,
LOGICAL 1000,N1000,,LOGICALS,OKIGWE ,1000.0,149.0,143784.553,149000.0,5215.447,2360.0,300.0,0.0,,,,
LOGICAL 1000,N1000,,LOGICALS,UNIZIK 1,1000.0,128.0,123519.616,128000.0,4480.384,2337.0,0.0,0.0,,,,
LOGICAL 1000,N1000,,LOGICALS,UNIZIK 2,1000.0,35.0,33774.755,35000.0,1225.245,2010.0,0.0,0.0,,,,
LOGICAL 1500,N1500,,LOGICALS,,1500.0,0.0,0.0,0.0,0.0,0.0,0.0,0.0,,,,
LOGICAL 200,N200,,LOGICALS,UNIZIK 2,200.0,185.0,35705.74,37000.0,1294.26,4713.0,200.0,40.0,,,,
LOGICAL 200,N200,,LOGICALS,IGBARIAM ,200.0,440.0,84921.76,88000.0,3078.24,7287.0,0.0,0.0,,,,
LOGICAL 200,N200,,LOGICALS,ALVAN 1 ,200.0,893.0,175440.636,178600.0,3159.364,17944.0,800.0,0.0,,,,
LOGICAL 200,N200,,LOGICALS,MBAITOLI ,200.0,989.0,190880.956,197800.0,6919.044,22924.0,650.0,0.0,,,,
LOGICAL 200,N200,,LOGICALS,IHIALA  ,200.0,1507.0,290857.028,301400.0,10542.972,25516.0,500.0,0.0,,,,
LOGICAL 200,N200,,LOGICALS,ULI ,200.0,346.0,66779.384,69200.0,2420.616,12159.0,0.0,0.0,,,,
LOGICAL 200,N200,,LOGICALS,ELELE ,200.0,800.0,154403.2,160000.0,5596.8,22100.0,0.0,0.0,,,,
LOGICAL 200,N200,,LOGICALS,OANDO ,200.0,495.0,95536.98,99000.0,3463.02,10541.0,0.0,0.0,,,,
LOGICAL 200,N200,,LOGICALS,STATE SEC ,200.0,992.0,191459.968,198400.0,6940.032,15931.0,0.0,0.0,,,,
LOGICAL 200,N200,,LOGICALS,OKO ,200.0,967.0,186634.868,193400.0,6765.132,9109.0,0.0,0.0,,,,
LOGICAL 200,N200,,LOGICALS,ALVAN 2 ,200.0,54.0,10422.216,10800.0,377.784,6617.0,1215.0,0.0,,,,
LOGICAL 200,N200,,LOGICALS,UMUAKA ,200.0,0.0,0.0,0.0,0.0,3590.0,330.0,0.0,,,,
LOGICAL 200,N200,,LOGICALS,AWKA ,200.0,5100.0,984320.4,1020000.0,35679.6,33125.0,78675.0,0.0,,,,
LOGICAL 200,N200,,LOGICALS,OKIGWE HUB,200.0,1080.0,208444.32,216000.0,7555.68,8620.0,0.0,0.0,,,,
LOGICAL 200,N200,,LOGICALS,UNIZIK 1,200.0,428.0,82608.28,85600.0,2991.72,6882.0,0.0,0.0,,,,
LOGICAL 200,N200,,LOGICALS,OKIGWE ,200.0,683.0,131821.732,136600.0,4778.268,16475.0,1300.0,0.0,,,,
LOGICAL 200,N200,,LOGICALS,IMT ,200.0,164.0,31652.656,32800.0,1147.344,11198.0,0.0,0.0,,,,
LOGICAL 200,N200,,LOGICALS,ESUT ,200.0,0.0,0.0,0.0,0.0,5247.0,0.0,0.0,,,,
LOGICAL 200,N200,,LOGICALS,NEKEDE ,200.0,690.0,133172.76,138000.0,4827.24,13196.0,1300.0,0.0,,,,
LOGICAL 200,N200,,LOGICALS,ULAKWO ,200.0,400.0,77201.6,80000.0,2798.4,9867.0,0.0,0.0,,,,
LOGICAL 200,N200,,LOGICALS,IMSU ,200.0,580.0,111942.32,116000.0,4057.68,15463.0,470.0,0.0,,,,
LOGICAL 200,N200,,LOGICALS,IGWURUTA ,200.0,2042.0,394113.0,408400.0,14287.0,20758.0,0.0,0.0,,,,
LOGICAL 200,N200,,LOGICALS,UMUAGWO ,200.0,1477.0,285070.07,295400.0,10329.93,4528.0,200.0,0.0,,,,
LOGICAL 200,N200,,LOGICALS,OWERRI 2 ,200.0,0.0,0.0,0.0,0.0,60.0,0.0,0.0,,,,
LOGICAL 200,N200,,LOGICALS,AIRPORT ,200.0,18150.0,3503041.5,3630000.0,126958.5,21161.0,75700.0,147.0,,,,
LOGICAL 200,N200,,LOGICALS,ONITSHA 2 ,200.0,3325.0,641738.3,665000.0,23261.7,172873.0,64740.0,0.0,,,,
LOGICAL 200,N200,,LOGICALS,ALAKAHIA ,200.0,22000.0,4246145.48,4400000.0,153854.52,264985.0,53100.0,1600.0,,,,
LOGICAL 500,N500,,LOGICALS,AWKA ,500.0,3000.0,1447512.0,1500000.0,52488.0,77850.0,55250.0,0.0,,,,
LOGICAL 500,N500,,LOGICALS,OKIGWE HUB,500.0,695.0,335340.28,347500.0,12159.72,2855.0,0.0,0.0,,,,
LOGICAL 500,N500,,LOGICALS,OKO ,500.0,135.0,65138.04,67500.0,2361.96,3885.0,0.0,0.0,,,,
LOGICAL 500,N500,,LOGICALS,UMUAKA ,500.0,0.0,0.0,0.0,0.0,1410.0,0.0,0.0,,,,
LOGICAL 500,N500,,LOGICALS,ALVAN 2 ,500.0,45.0,21712.68,22500.0,787.32,3512.0,790.0,0.0,,,,
LOGICAL 500,N500,,LOGICALS,STATE SEC ,500.0,812.0,391793.248,406000.0,14206.752,6266.0,0.0,0.0,,,,
LOGICAL 500,N500,,LOGICALS,OANDO ,500.0,60.0,28950.24,30000.0,1049.76,5903.0,0.0,0.0,,,,
LOGICAL 500,N500,,LOGICALS,ULI ,500.0,103.0,49697.912,51500.0,1802.088,5201.0,0.0,0.0,,,,
LOGICAL 500,N500,,LOGICALS,IHIALA  ,500.0,1114.0,537509.0,557000.0,19491.0,7675.0,0.0,0.0,,,,
LOGICAL 500,N500,,LOGICALS,MBAITOLI ,500.0,340.0,164051.36,170000.0,5948.64,8630.0,200.0,0.0,,,,
LOGICAL 500,N500,,LOGICALS,ALVAN 1 ,500.0,360.0,178043.976,180000.0,1956.024,8941.0,10.0,0.0,,,,
LOGICAL 500,N500,,LOGICALS,IGBARIAM ,500.0,510.0,246077.04,255000.0,8922.96,4043.0,0.0,0.0,,,,
LOGICAL 500,N500,,LOGICALS,UNIZIK 2,500.0,50.0,24125.0,25000.0,875.0,2964.0,500.0,0.0,,,,
LOGICAL 500,N500,,LOGICALS,UNIZIK 1,500.0,278.0,134136.112,139000.0,4863.888,5628.0,0.0,0.0,,,,
LOGICAL 500,N500,,LOGICALS,OKIGWE ,500.0,220.0,106150.88,110000.0,3849.12,7810.0,550.0,0.0,,,,
LOGICAL 500,N500,,LOGICALS,IMT ,500.0,99.0,47767.896,49500.0,1732.104,10090.0,0.0,0.0,,,,
LOGICAL 500,N500,,LOGICALS,ESUT ,500.0,51.0,24659.214,25500.0,840.786,1761.0,0.0,0.0,,,,
LOGICAL 500,N500,,LOGICALS,NEKEDE ,500.0,501.0,241734.503,250500.0,8765.497,6884.0,550.0,0.0,,,,
LOGICAL 500,N500,,LOGICALS,ULAKWO ,500.0,245.0,118213.48,122500.0,4286.52,5499.0,300.0,0.0,,,,
LOGICAL 500,N500,,LOGICALS,IMSU ,500.0,276.0,133171.104,138000.0,4828.896,11904.0,800.0,0.0,,,,
LOGICAL 500,N500,,LOGICALS,ELELE ,500.0,390.0,188176.56,195000.0,6823.44,2010.0,500.0,0.0,,,,
LOGICAL 500,N500,,LOGICALS,IGWURUTA ,500.0,447.0,215677.9,223500.0,7822.1,3337.0,0.0,0.0,,,,
LOGICAL 500,N500,,LOGICALS,UMUAGWO ,500.0,1130.0,545228.8,565000.0,19771.2,1844.0,0.0,0.0,,,,
LOGICAL 500,N500,,LOGICALS,OWERRI 2 ,500.0,0.0,0.0,0.0,0.0,89750.0,0.0,0.0,,,,
LOGICAL 500,N500,,LOGICALS,AIRPORT ,500.0,9100.0,4390774.0,4550000.0,159226.0,3445.0,27540.0,0.0,,,,
LOGICAL 500,N500,,LOGICALS,ONITSHA 2 ,500.0,1697.0,818809.288,848500.0,29690.712,85746.0,32390.0,0.0,,,,
LOGICAL 500,N500,,LOGICALS,ALAKAHIA ,500.0,7000.0,3377535.2,3500000.0,122464.8,100880.0,7154.0,0.0,,,,
LOGICAL 750,N750,,LOGICALS,,750.0,0.0,0.0,0.0,0.0,0.0,0.0,0.0,,,,
Total:,Total:,Total:,Total:,Total:,,8980910.5,81558031.743,81582404.3,24372.557,203364520.48,21038163.52,3045.0,,,,
