Date,Reference No,Location,Supplier,Purchase Status,Payment Status,Grand Total,Total Amount,Payment due,Added By
30/04/2025,1026501,ALAKAHIA,"MTN HYCONNECT CONNECTION ALAKAHIA,",Received,Due,"₦ 413,999.977",413999.98,"Purchase: ₦ 413,999.977",Mrs Gloria Dennis
30/04/2025,EXT.CUSTOMER MOMO HEAD C/O CHIOMA CASH FLOAT PURCHASE 409,HEAD OFFICE,"CEO MOMO HEAD OFFICE,",Received,Paid,"₦ 5,000.000",5000.0,Purchase: ₦ 0.000,AMARA IHEJIRIKA
30/04/2025,ONITSHA 2 MOMO HEAD CASH PURCHASE 566,ONITSHA 2,"CEO MOMO HEAD OFFICE,",Received,Paid,"₦ 1,000,000.000",1000000.0,Purchase: ₦ 0.000,MR DARLINGTON IHEANACHO
30/04/2025,EBU AWKA MOMO HEAD OFFICE CASH PURCHASE 26133,EBU AWKA,"CEO MOMO HEAD OFFICE,",Received,Paid,"₦ 100,000.000",100000.0,Purchase: ₦ 0.000,MR DARLINGTON IHEANACHO
29/04/2025,SOA ORDER RECPT LOG. VIA LOY CODE C1025938,AWKA,"MTN HYCONNECT CONNECTION AWKA,",Received,Paid,"₦ 1,490,941.185",1490941.19,Purchase: ₦ 0.000,VINA NWOSU
29/04/2025,AWKA MOMO HEAD OFFICE CASH PURCHASE 09178,AWKA,"CEO MOMO HEAD OFFICE,",Received,Paid,"₦ 1,000,000.000",1000000.0,Purchase: ₦ 0.000,MR DARLINGTON IHEANACHO
29/04/2025,EXTERNAL CUSTOMER(MRS. NWACHIKWU)MOMO HEAD CASH FLOAT PURCHASE  652,HEAD OFFICE,"CEO MOMO HEAD OFFICE,",Received,Paid,"₦ 142,000.000",142000.0,Purchase: ₦ 0.000,MR DARLINGTON IHEANACHO
29/04/2025,CASH ORDER RECPT N1000 C1025469,OWERRI 2,"MTN HYCONNECT CONNECTION OWERRI 2,",Received,Paid,"₦ 2,894,992.020",2894992.02,Purchase: ₦ 0.000,Mr Chimezie Unegbu
29/04/2025,CASH ORDER RECPT N500 C1025468,OWERRI 2,"MTN HYCONNECT CONNECTION OWERRI 2,",Received,Paid,"₦ 4,825,038.600",4825038.6,Purchase: ₦ 0.000,Mr Chimezie Unegbu
29/04/2025,EBU AWKA MOMO HEAD OFFICE CASH PURCHASE 2466,EBU AWKA,"CEO MOMO HEAD OFFICE,",Received,Paid,"₦ 200,000.000",200000.0,Purchase: ₦ 0.000,MR DARLINGTON IHEANACHO
29/04/2025,OWR 2 MOMO HEAD OFFICE CASH FLOAT PURCHASE 2111,OWERRI 2,"CEO MOMO HEAD OFFICE,",Received,Paid,"₦ 500,000.000",500000.0,Purchase: ₦ 0.000,MR DARLINGTON IHEANACHO
28/04/2025,AIRPORT MOMO HEAD OFFICE CASH PURCHASE 765,AIRPORT,"CEO MOMO HEAD OFFICE,",Received,Paid,"₦ 300,000.000",300000.0,Purchase: ₦ 0.000,MR DARLINGTON IHEANACHO
24/04/2025,EBU AWKA MOMO HEAD OFFICE CASH PURCHASE 6269,EBU AWKA,"CEO MOMO HEAD OFFICE,",Received,Paid,"₦ 250,000.000",250000.0,Purchase: ₦ 0.000,MR DARLINGTON IHEANACHO
24/04/2025,OZB COMM/OWR 2 CASH ORDER PHONE PURCHASE P507000,OWERRI 2,"OZB COMMUNICATION OWERRI 2,",Received,Paid,"₦ 507,000.000",507000.0,Purchase: ₦ 0.000,Mr Chimezie Unegbu
23/04/2025,EXTERNAL CUSTOMER(IFEOMA)MOMO HEAD CASH FLOAT PURCHASE  6421,HEAD OFFICE,"CEO MOMO HEAD OFFICE,",Received,Paid,"₦ 5,000.000",5000.0,Purchase: ₦ 0.000,MR DARLINGTON IHEANACHO
23/04/2025,EXTERNAL CUSTOMER(DARLINGTON)MOMO HEAD CASH FLOAT PURCHASE  6213,HEAD OFFICE,"CEO MOMO HEAD OFFICE,",Received,Paid,"₦ 1,000.000",1000.0,Purchase: ₦ 0.000,MR DARLINGTON IHEANACHO
23/04/2025,AIRPORT MOMO HEAD OFFICE CASH PURCHASE 596,AIRPORT,"CEO MOMO HEAD OFFICE,",Received,Paid,"₦ 300,000.000",300000.0,Purchase: ₦ 0.000,MR DARLINGTON IHEANACHO
22/04/2025,ALAKAHIA MOMO HEAD OFFICE CASH FLOAT PURCHASE 1564,ALAKAHIA,"CEO MOMO HEAD OFFICE,",Received,Paid,"₦ 500,000.000",500000.0,Purchase: ₦ 0.000,MR DARLINGTON IHEANACHO
22/04/2025,EXTERNAL CUSTOMER(PERLINA)MOMO HEAD CASH FLOAT PURCHASE  655,HEAD OFFICE,"CEO MOMO HEAD OFFICE,",Received,Paid,"₦ 100,000.000",100000.0,Purchase: ₦ 0.000,MR DARLINGTON IHEANACHO
18/04/2025,CASH ORDER RECPT LOG. C1025744,AWKA,"MTN HYCONNECT CONNECTION AWKA,",Received,Paid,"₦ 4,825,028.230",4825028.23,Purchase: ₦ 0.000,VINA NWOSU
18/04/2025,OK-HUB(CHINEMEREM) MOMO HEAD OFFICE MAR.25 CASH FLOAT CHARGE REFUND,OKIGWE HUB,"CEO MOMO HEAD OFFICE,",Received,Paid,₦ 50.000,50.0,Purchase: ₦ 0.000,MR DARLINGTON IHEANACHO
18/04/2025,EBU AWKA MOMO HEAD OFFICE MAR.25 CASH FLOAT CHARGE REFUND,EBU AWKA,"CEO MOMO HEAD OFFICE,",Received,Paid,₦ 200.000,200.0,Purchase: ₦ 0.000,MR DARLINGTON IHEANACHO
18/04/2025,OWR 2 MOMO HEAD OFFICE MAR.25 CASH FLOAT CHARGE REFUND,OWERRI 2,"CEO MOMO HEAD OFFICE,",Received,Paid,"₦ 1,100.000",1100.0,Purchase: ₦ 0.000,MR DARLINGTON IHEANACHO
18/04/2025,AWKA MOMO HEAD OFFICE MAR.25 CASH FLOAT CHARGE REFUND,AWKA,"CEO MOMO HEAD OFFICE,",Received,Paid,"₦ 2,400.000",2400.0,Purchase: ₦ 0.000,MR DARLINGTON IHEANACHO
18/04/2025,ONITSHA 2 MOMO HEAD OFFICE MAR.25 CASH FLOAT CHARGE REFUND,ONITSHA 2,"CEO MOMO HEAD OFFICE,",Received,Paid,"₦ 1,200.000",1200.0,Purchase: ₦ 0.000,MR DARLINGTON IHEANACHO
18/04/2025,ALAKAHIA MOMO HEAD OFFICE MAR.25 CASH FLOAT CHARGE REFUND,ALAKAHIA,"CEO MOMO HEAD OFFICE,",Received,Paid,"₦ 1,650.000",1650.0,Purchase: ₦ 0.000,MR DARLINGTON IHEANACHO
18/04/2025,MOMOMO SOF RECEPT APRIL 25,OKIGWE HUB,"MTN HYCONNECT CONNECTION OKIGWE HUB,",Received,Paid,₦ 0.000,0.0,Purchase: ₦ 0.000,MR DARLINGTON IHEANACHO
18/04/2025,MOMO SOF RECEPT APRIL 25,ONITSHA 2,"MTN HYCONNECT CONNECTION ONITSHA 2,",Received,Paid,₦ 0.000,0.0,Purchase: ₦ 0.000,MR DARLINGTON IHEANACHO
18/04/2025,MOMO SOF RECEPT APRIL 25,AIRPORT,"MTN HYCONNECT CONNECTION AIRPORT,",Received,Paid,₦ 0.000,0.0,Purchase: ₦ 0.000,MR DARLINGTON IHEANACHO
18/04/2025,MOMO SOF RECEPT APRIL 25,OWERRI 2,"MTN HYCONNECT CONNECTION OWERRI 2,",Received,Paid,₦ 0.000,0.0,Purchase: ₦ 0.000,MR DARLINGTON IHEANACHO
18/04/2025,MOMO SOF RECEPT APRIL 25,AWKA,"MTN HYCONNECT CONNECTION AWKA,",Received,Paid,₦ 0.000,0.0,Purchase: ₦ 0.000,MR DARLINGTON IHEANACHO
18/04/2025,MOMO SOF RECEPT APRIL 25,ALAKAHIA,"MTN HYCONNECT CONNECTION ALAKAHIA,",Received,Paid,₦ 0.000,0.0,Purchase: ₦ 0.000,MR DARLINGTON IHEANACHO
18/04/2025,EXTERNAL CUSTOMER(ifeoma)MOMO HEAD CASH FLOAT PURCHASE  6654,HEAD OFFICE,"CEO MOMO HEAD OFFICE,",Received,Paid,"₦ 5,000.000",5000.0,Purchase: ₦ 0.000,MR DARLINGTON IHEANACHO
17/04/2025,AWKA MOMO HEAD OFFICE CASH PURCHASE 4065,AWKA,"CEO MOMO HEAD OFFICE,",Received,Paid,"₦ 1,000,000.000",1000000.0,Purchase: ₦ 0.000,MR DARLINGTON IHEANACHO
17/04/2025,VTU RECIEVED VIA SOA WITH ORDER TAS583214,OKIGWE HUB,"MTN HYCONNECT CONNECTION OKIGWE HUB,",Received,Paid,"₦ 868,500.000",868500.0,Purchase: ₦ 0.000,AMARA IHEJIRIKA
17/04/2025,LOG. RECEIVED VIA SOA WITH ORDER NO:C1024587,AIRPORT,"MTN HYCONNECT CONNECTION AIRPORT,",Received,Paid,"₦ 1,688,757.000",1688757.0,Purchase: ₦ 0.000,Mr Henry Johnson
17/04/2025,"LOGICAL CASH ORDER NUMBER C1025511  = #9,264,018.09",ONITSHA 2,"MTN HYCONNECT CONNECTION ONITSHA 2,",Received,Paid,"₦ 9,264,018.090",9264018.09,Purchase: ₦ 0.000,NWOKORO BRIGHT
17/04/2025,ONITSHA 2 MOMO HEAD CASH PURCHASE 5644,ONITSHA 2,"CEO MOMO HEAD OFFICE,",Received,Paid,"₦ 1,000,000.000",1000000.0,Purchase: ₦ 0.000,MR DARLINGTON IHEANACHO
16/04/2025,SOA ORDER RECPT  N100 C1025370,AWKA,"MTN HYCONNECT CONNECTION AWKA,",Received,Paid,"₦ 192,994.000",192994.0,Purchase: ₦ 0.000,VINA NWOSU
16/04/2025,EXTERNAL CUSTOMER(IFEOMA)MOMO HEAD CASH FLOAT PURCHASE  5122,HEAD OFFICE,"CEO MOMO HEAD OFFICE,",Received,Paid,"₦ 5,000.000",5000.0,Purchase: ₦ 0.000,MR DARLINGTON IHEANACHO
16/04/2025,5G RECIEVED VIA CASH ORDER WITH ORDER NO:1025407,ALAKAHIA,"MTN HYCONNECT CONNECTION ALAKAHIA,",Received,Paid,"₦ 147,199.998",147200.0,Purchase: ₦ 0.000,Mr JOHN AZUBUIKE
16/04/2025,MIFI RECEIVED VIA SOA WITH ORDER NO:C1025406,ALAKAHIA,"MTN HYCONNECT CONNECTION ALAKAHIA,",Received,Paid,"₦ 958,500.107",958500.11,Purchase: ₦ 0.000,Mr JOHN AZUBUIKE
16/04/2025,N1000 RECIEVED VIA CASH ORDER WITH ORDER NO:1025405,ALAKAHIA,"MTN HYCONNECT CONNECTION ALAKAHIA,",Received,Paid,"₦ 1,929,994.600",1929994.6,Purchase: ₦ 0.000,Mr JOHN AZUBUIKE
16/04/2025,N500 RECIEVED VIA CASH ORDER WITH ORDER NO:10255404,ALAKAHIA,"MTN HYCONNECT CONNECTION ALAKAHIA,",Received,Paid,"₦ 3,860,032.000",3860032.0,Purchase: ₦ 0.000,Mr JOHN AZUBUIKE
16/04/2025,LOG. RECEIVED VIA CASH ORDER WITH ORDER NO:1025403,ALAKAHIA,"MTN HYCONNECT CONNECTION ALAKAHIA,",Received,Paid,"₦ 3,860,072.380",3860072.38,Purchase: ₦ 0.000,Mr JOHN AZUBUIKE
16/04/2025,LOG 200 RECEIEVED VIACASH ORDER WITH ORDER NO:1025402,ALAKAHIA,"MTN HYCONNECT CONNECTION ALAKAHIA,",Received,Paid,"₦ 3,859,863.960",3859863.96,Purchase: ₦ 0.000,Mr JOHN AZUBUIKE
16/04/2025,AIRPORT MOMO HEAD OFFICE CASH PURCHASE 216,AIRPORT,"CEO MOMO HEAD OFFICE,",Received,Paid,"₦ 300,000.000",300000.0,Purchase: ₦ 0.000,Mr Henry Johnson
15/04/2025,EXTERNAL CUSTOMER(LOIS)MOMO HEAD CASH FLOAT PURCHASE  8613,HEAD OFFICE,"CEO MOMO HEAD OFFICE,",Received,Paid,"₦ 45,000.000",45000.0,Purchase: ₦ 0.000,MR DARLINGTON IHEANACHO
15/04/2025,OK-HUB MOMO HEAD OFFICE CASH PURCHASE (CHINEMEREM-07030773746)3612,OKIGWE HUB,"CEO MOMO HEAD OFFICE,",Received,Paid,"₦ 200,000.000",200000.0,Purchase: ₦ 0.000,MR DARLINGTON IHEANACHO
15/04/2025,STOCK RECEIVED FROM EBU HEAD OFFICE 0011,HEAD OFFICE,"EBU HEAD OFFICE,",Received,Paid,"₦ 171,000.007",171000.01,Purchase: ₦ -0.163,AMARA IHEJIRIKA
15/04/2025,EXTERNAL CUSTOMER(ifeoma)MOMO HEAD CASH FLOAT PURCHASE  5646,HEAD OFFICE,"CEO MOMO HEAD OFFICE,",Received,Paid,"₦ 5,000.000",5000.0,Purchase: ₦ 0.000,MR DARLINGTON IHEANACHO
14/04/2025,LOG. RECIEVED VIA CASH ORDER WITH ORDER:1024731,OWERRI 2,"MTN HYCONNECT CONNECTION OWERRI 2,",Received,Paid,"₦ 2,894,991.900",2894991.9,Purchase: ₦ 0.000,Mr Chimezie Unegbu
14/04/2025,LOG. RECIEVED VIA CASH ORDER WITH ORDER NO:1024730,OWERRI 2,"MTN HYCONNECT CONNECTION OWERRI 2,",Received,Paid,"₦ 3,860,030.880",3860030.88,Purchase: ₦ 0.000,Mr Chimezie Unegbu
14/04/2025,MIFI RECIEVED VIA CASH ORDER WITH ORDER NO:1023667,OWERRI 2,"MTN HYCONNECT CONNECTION OWERRI 2,",Received,Paid,"₦ 1,620,000.180",1620000.18,Purchase: ₦ 0.000,Mr Chimezie Unegbu
14/04/2025,EXTERNAL CUSTOMER(DARLINTON)MOMO HEAD CASH FLOAT PURCHASE  578,HEAD OFFICE,"CEO MOMO HEAD OFFICE,",Received,Paid,"₦ 1,000.000",1000.0,Purchase: ₦ 0.000,MR DARLINGTON IHEANACHO
14/04/2025,AWKA MOMO HEAD OFFICE CASH PURCHASE 4326,AWKA,"CEO MOMO HEAD OFFICE,",Received,Paid,"₦ 1,000,000.000",1000000.0,Purchase: ₦ 0.000,MR DARLINGTON IHEANACHO
12/04/2025,OK-HUB MOMO HEAD OFFICE(LOIS-09036345308) CASH PURCHASE 3645,OKIGWE HUB,"CEO MOMO HEAD OFFICE,",Received,Paid,"₦ 200,000.000",200000.0,Purchase: ₦ 0.000,MR DARLINGTON IHEANACHO
12/04/2025,EXTERNAL CUSTOMER(PERLINA)MOMO HEAD CASH FLOAT PURCHASE  5654,HEAD OFFICE,"CEO MOMO HEAD OFFICE,",Received,Paid,"₦ 100,000.000",100000.0,Purchase: ₦ 0.000,MR DARLINGTON IHEANACHO
11/04/2025,ALAKAHIA MOMO HEAD OFFICE CASH FLOAT PURCHASE 111,ALAKAHIA,"CEO MOMO HEAD OFFICE,",Received,Paid,"₦ 1,000,000.000",1000000.0,Purchase: ₦ 0.000,MR DARLINGTON IHEANACHO
11/04/2025,AIRPORT MOMO HEAD OFFICE CASH PURCHASE 786,AIRPORT,"CEO MOMO HEAD OFFICE,",Received,Paid,"₦ 300,000.000",300000.0,Purchase: ₦ 0.000,MR DARLINGTON IHEANACHO
11/04/2025,EXTERNAL CUSTOMER(IFEOMA)MOMO HEAD CASH FLOAT PURCHASE  5446,HEAD OFFICE,"CEO MOMO HEAD OFFICE,",Received,Paid,"₦ 5,000.000",5000.0,Purchase: ₦ 0.000,MR DARLINGTON IHEANACHO
10/04/2025,CASH ORDER RECPT PPWB C1024369,AWKA,"MTN HYCONNECT CONNECTION AWKA,",Received,Paid,"₦ 1,199,994.800",1199994.8,Purchase: ₦ 0.000,VINA NWOSU
10/04/2025,CASH ORDER RECPT LOG. C1025212,AWKA,"MTN HYCONNECT CONNECTION AWKA,",Received,Paid,"₦ 3,860,020.510",3860020.51,Purchase: ₦ 0.000,VINA NWOSU
10/04/2025,EXTERNAL CUSTOMER(IFEOMA)MOMO HEAD CASH FLOAT PURCHASE  645232,HEAD OFFICE,"CEO MOMO HEAD OFFICE,",Received,Paid,"₦ 5,000.000",5000.0,Purchase: ₦ 0.000,MR DARLINGTON IHEANACHO
09/04/2025,SOA ORDER RECPT LOG. C1025052,AWKA,"MTN HYCONNECT CONNECTION AWKA,",Received,Paid,"₦ 96,496.620",96496.62,Purchase: ₦ 0.000,VINA NWOSU
09/04/2025,EBU AWKA MOMO HEAD OFFICE CASH PURCHASE 654465,EBU AWKA,"CEO MOMO HEAD OFFICE,",Received,Paid,"₦ 200,000.000",200000.0,Purchase: ₦ 0.000,MR DARLINGTON IHEANACHO
09/04/2025,ONITSHA 2 MOMO HEAD CASH PURCHASE 5687445,ONITSHA 2,"CEO MOMO HEAD OFFICE,",Received,Paid,"₦ 1,000,000.000",1000000.0,Purchase: ₦ 0.000,MR DARLINGTON IHEANACHO
08/04/2025,"PPWB CASH ORDER C1024838 @ #2,399,989.62",ONITSHA 2,"MTN HYCONNECT CONNECTION ONITSHA 2,",Received,Paid,"₦ 2,399,989.620",2399989.62,Purchase: ₦ 0.000,NWOKORO BRIGHT
08/04/2025,EXTERNAL CUSTOMER(LOIS NWACHUKWU)MOMO HEAD CASH FLOAT PURCHASE  33,HEAD OFFICE,"CEO MOMO HEAD OFFICE,",Received,Paid,"₦ 140,000.000",140000.0,Purchase: ₦ 0.000,MR DARLINGTON IHEANACHO
08/04/2025,OWR 2 MOMO HEAD OFFICE CASH FLOAT PURCHASE 21779,OWERRI 2,"CEO MOMO HEAD OFFICE,",Received,Paid,"₦ 1,000,000.000",1000000.0,Purchase: ₦ 0.000,MR DARLINGTON IHEANACHO
07/04/2025,EXTERNAL CUSTOMER(pascal)MOMO HEAD CASH FLOAT PURCHASE  64659,HEAD OFFICE,"CEO MOMO HEAD OFFICE,",Received,Paid,"₦ 16,500.000",16500.0,Purchase: ₦ 0.000,MR DARLINGTON IHEANACHO
05/04/2025,EXTERNAL CUSTOMER(07042434295)MOMO HEAD CASH FLOAT PURCHASE  51136,HEAD OFFICE,"CEO MOMO HEAD OFFICE,",Received,Paid,"₦ 10,000.000",10000.0,Purchase: ₦ 0.000,MR DARLINGTON IHEANACHO
05/04/2025,CASH ORDER RECCPT PPWB C1024569,ALAKAHIA,"MTN HYCONNECT CONNECTION ALAKAHIA,",Received,Paid,"₦ 1,199,045.700",1199045.7,Purchase: ₦ 0.000,Mr JOHN AZUBUIKE
05/04/2025,SOA ORDER RECPT 5G VIA C1024566,ALAKAHIA,"MTN HYCONNECT CONNECTION ALAKAHIA,",Received,Paid,"₦ 367,999.980",367999.98,Purchase: ₦ 0.000,Mr JOHN AZUBUIKE
05/04/2025,EXTERNAL CUSTOMER(IFEOMA)MOMO HEAD CASH FLOAT PURCHASE  5699,HEAD OFFICE,"CEO MOMO HEAD OFFICE,",Received,Paid,"₦ 5,000.000",5000.0,Purchase: ₦ 0.000,MR DARLINGTON IHEANACHO
05/04/2025,EBU AWKA MOMO HEAD OFFICE CASH PURCHASE 261,EBU AWKA,"CEO MOMO HEAD OFFICE,",Received,Paid,"₦ 200,000.000",200000.0,Purchase: ₦ 0.000,MR DARLINGTON IHEANACHO
05/04/2025,AIRPORT MOMO HEAD OFFICE CASH PURCHASE 5955,AIRPORT,"CEO MOMO HEAD OFFICE,",Received,Paid,"₦ 300,000.000",300000.0,Purchase: ₦ 0.000,MR DARLINGTON IHEANACHO
04/04/2025,CAT 4 RECEIVED FROM EBU HEAD OFFICE,HEAD OFFICE,"EBU HEAD OFFICE,",Received,Paid,"₦ 179,999.990",179999.99,Purchase: ₦ 0.000,AMARA IHEJIRIKA
03/04/2025,EXTERNAL CUSTOMER(IFEOMA)MOMO HEAD CASH FLOAT PURCHASE  6416,HEAD OFFICE,"CEO MOMO HEAD OFFICE,",Received,Paid,"₦ 53,400.000",53400.0,Purchase: ₦ 0.000,MR DARLINGTON IHEANACHO
03/04/2025,AWKA MOMO HEAD OFFICE CASH PURCHASE 4016,AWKA,"CEO MOMO HEAD OFFICE,",Received,Paid,"₦ 1,000,000.000",1000000.0,Purchase: ₦ 0.000,MR DARLINGTON IHEANACHO
01/04/2025,"PHONE RECEIVED VIA CASH ORDER :#745,700",AWKA,"OZB COMMUNICATION - AWKA,",Received,Paid,"₦ 745,700.000",745700.0,Purchase: ₦ 0.000,AMARA IHEJIRIKA
01/04/2025,ONITSHA 2 MOMO HEAD CASH PURCHASE 5634,ONITSHA 2,"CEO MOMO HEAD OFFICE,",Received,Paid,"₦ 1,000,000.000",1000000.0,Purchase: ₦ 0.000,MR DARLINGTON IHEANACHO
31/03/2025,LOGICAL RECEIVED VIA CASH ORDER WITH ORDER NO:1024541,ALAKAHIA,"MTN HYCONNECT CONNECTION ALAKAHIA,",Received,Paid,"₦ 2,895,023.160",2895023.16,Purchase: ₦ 0.000,Mrs Gloria Dennis
31/03/2025,LOGICAL RECEIVED VIA CASH ORDER WITH ORDER NO:1024540,ALAKAHIA,"MTN HYCONNECT CONNECTION ALAKAHIA,",Received,Paid,"₦ 1,929,932.460",1929932.46,Purchase: ₦ 0.000,Mrs Gloria Dennis
31/03/2025,LOGICAL RECEIVED VIA SOA WITH ORDER NO:1024539,ALAKAHIA,"MTN HYCONNECT CONNECTION ALAKAHIA,",Received,Paid,"₦ 1,930,036.190",1930036.19,Purchase: ₦ 0.000,Mrs Gloria Dennis
31/03/2025,LOGICAL RECEIVED VIA CASH ORDER WITH ORDER NO:1023743,OWERRI 2,"MTN HYCONNECT CONNECTION OWERRI 2,",Received,Paid,"₦ 2,412,519.250",2412519.25,Purchase: ₦ 0.000,Mr Chimezie Unegbu
31/03/2025,LOGICAL RECEIVED VIA CASH ORDER WITH ORDER NO:1023744,OWERRI 2,"MTN HYCONNECT CONNECTION OWERRI 2,",Received,Paid,"₦ 2,894,991.900",2894991.9,Purchase: ₦ 0.000,Mr Chimezie Unegbu
31/03/2025,VTU RECEIVED VIA SOA WITH ORDER NO:1024581,OWERRI 2,"MTN HYCONNECT CONNECTION OWERRI 2,",Received,Paid,"₦ 1,447,500.000",1447500.0,Purchase: ₦ 0.000,Mr Chimezie Unegbu
31/03/2025,EXTERNAL CUSTOMER(PERLINA)MOMO HEAD CASH FLOAT PURCHASE  522,HEAD OFFICE,"CEO MOMO HEAD OFFICE,",Received,Paid,"₦ 100,000.000",100000.0,Purchase: ₦ 0.000,MR DARLINGTON IHEANACHO
29/03/2025,EXTERNAL CUSTOMER(07042434295-MRS LOIS NWACHUKWU)MOMO HEAD CASH FLOAT PURCHASE  6116,HEAD OFFICE,"CEO MOMO HEAD OFFICE,",Received,Paid,"₦ 25,000.000",25000.0,Purchase: ₦ 0.000,MR DARLINGTON IHEANACHO
29/03/2025,"LOGICAL RECEIVED VIA CASH ORDER 1024589 = # 6,272,519.06",ONITSHA 2,"MTN HYCONNECT CONNECTION ONITSHA 2,",Received,Paid,"₦ 6,272,519.060",6272519.06,Purchase: ₦ 0.000,NWOKORO BRIGHT
28/03/2025,N500 LOGICAL PAID WITH ORDER NO:1018911 TURNED TO SOA WITH ORDER NO:1022773,ALAKAHIA,"MTN HYCONNECT CONNECTION ALAKAHIA,",Received,Paid,"₦ 482,504.000",482504.0,Purchase: ₦ 0.000,Mr JOHN AZUBUIKE
28/03/2025,EXTERNAL CUSTOMER(BERNARD)MOMO HEAD CASH FLOAT PURCHASE  6458456,HEAD OFFICE,"CEO MOMO HEAD OFFICE,",Received,Paid,"₦ 50,000.000",50000.0,Purchase: ₦ 0.000,MR DARLINGTON IHEANACHO
27/03/2025,SOA ORDER RECPT LOG.1000 VIA LOY.CODE C1024564,AWKA,"MTN HYCONNECT CONNECTION AWKA,",Received,Paid,"₦ 241,249.000",241249.0,Purchase: ₦ 0.000,VINA NWOSU
27/03/2025,CASH ORDER RECPT VTU C1024367,AWKA,"MTN HYCONNECT CONNECTION AWKA,",Received,Paid,"₦ 1,447,500.167",1447500.17,Purchase: ₦ 0.000,VINA NWOSU
27/03/2025,CASH ORDER RECPT LOG. C1023197,AIRPORT,"MTN HYCONNECT CONNECTION AIRPORT,",Received,Paid,"₦ 8,202,513.670",8202513.67,Purchase: ₦ 0.000,Mr Henry Johnson
27/03/2025,"VTU SOA ORDER WITH ORDER NO: 1024416 = # 2,402,850.32",ONITSHA 2,"MTN HYCONNECT CONNECTION ONITSHA 2,",Received,Paid,"₦ 2,402,850.324",2402850.32,Purchase: ₦ 0.000,NWOKORO BRIGHT
27/03/2025,ALAKAHIA MOMO HEAD OFFICE CASH FLOAT PURCHASE 3002,ALAKAHIA,"CEO MOMO HEAD OFFICE,",Received,Paid,"₦ 500,000.000",500000.0,Purchase: ₦ 0.000,MR DARLINGTON IHEANACHO
27/03/2025,OK-HUB MOMO HEAD OFFICE CASH PURCHASE (07030773746)3456,OKIGWE HUB,"CEO MOMO HEAD OFFICE,",Received,Paid,"₦ 200,000.000",200000.0,Purchase: ₦ 0.000,MR DARLINGTON IHEANACHO
27/03/2025,EXTERNAL CUSTOMER(08066826618-LOIS)MOMO HEAD CASH FLOAT PURCHASE  5699,HEAD OFFICE,"CEO MOMO HEAD OFFICE,",Received,Paid,"₦ 500,000.000",500000.0,Purchase: ₦ 0.000,MR DARLINGTON IHEANACHO
26/03/2025,CASH ORDER RECPT OZB COMM/OWR 2 SAMPSUNG A1659 P267900,OWERRI 2,"OZB COMMUNICATION OWERRI 2,",Received,Paid,"₦ 267,900.000",267900.0,Purchase: ₦ 0.000,MR DARLINGTON IHEANACHO
26/03/2025,ALAKAHIA MOMO HEAD OFFICE CASH FLOAT PURCHASE 3256,ALAKAHIA,"CEO MOMO HEAD OFFICE,",Received,Paid,"₦ 500,000.000",500000.0,Purchase: ₦ 0.000,MR DARLINGTON IHEANACHO
26/03/2025,CASH ORDER RECPT VTU TAS571011,OKIGWE HUB,"MTN HYCONNECT CONNECTION OKIGWE HUB,",Received,Paid,"₦ 2,895,000.333",2895000.33,Purchase: ₦ 0.000,MR DARLINGTON IHEANACHO
26/03/2025,CASH ORDER RECPT MIFI C1023521,AWKA,"MTN HYCONNECT CONNECTION AWKA,",Received,Paid,"₦ 1,944,000.288",1944000.29,Purchase: ₦ 0.000,VINA NWOSU
26/03/2025,EXTERNAL CUSTOMER(oluchi amarachi)MOMO HEAD CASH FLOAT PURCHASE 987,HEAD OFFICE,"CEO MOMO HEAD OFFICE,",Received,Paid,"₦ 1,000.000",1000.0,Purchase: ₦ 0.000,MR DARLINGTON IHEANACHO
25/03/2025,EXTERNAL CUSTOMER(NWACHUKWU)MOMO HEAD CASH FLOAT PURCHASE  8744,HEAD OFFICE,"CEO MOMO HEAD OFFICE,",Received,Paid,"₦ 10,000.000",10000.0,Purchase: ₦ 0.000,MR DARLINGTON IHEANACHO
25/03/2025,AIRPORT MOMO HEAD OFFICE CASH PURCHASE 546136,AIRPORT,"CEO MOMO HEAD OFFICE,",Received,Paid,"₦ 300,000.000",300000.0,Purchase: ₦ 0.000,MR DARLINGTON IHEANACHO
25/03/2025,AWKA MOMO HEAD OFFICE CASH PURCHASE 985,AWKA,"CEO MOMO HEAD OFFICE,",Received,Paid,"₦ 1,000,000.000",1000000.0,Purchase: ₦ 0.000,MR DARLINGTON IHEANACHO
24/03/2025,SOA ORDER RECPT LOGICALS VIA LOY.CODE C1024255,AWKA,"MTN HYCONNECT CONNECTION AWKA,",Received,Paid,"₦ 2,026,512.000",2026512.0,Purchase: ₦ 0.000,VINA NWOSU
24/03/2025,EXTERNAL CUSTOMER(IFEOMA)MOMO HEAD CASH FLOAT PURCHASE  545,HEAD OFFICE,"CEO MOMO HEAD OFFICE,",Received,Paid,"₦ 7,000.000",7000.0,Purchase: ₦ 0.000,MR DARLINGTON IHEANACHO
22/03/2025,CASH ORDER RECPR MIFI TAS565315,OKIGWE HUB,"MTN HYCONNECT CONNECTION OKIGWE HUB,",Received,Paid,"₦ 648,000.096",648000.1,Purchase: ₦ 0.000,MR DARLINGTON IHEANACHO
21/03/2025,MOMO SOF RECEPT MARCCH 25,OKIGWE HUB,"MTN HYCONNECT CONNECTION OKIGWE HUB,",Received,Paid,₦ 0.000,0.0,Purchase: ₦ 0.000,MR DARLINGTON IHEANACHO
21/03/2025,MOMO SOF RECEPT MARCCH 25,AIRPORT,"MTN HYCONNECT CONNECTION AIRPORT,",Received,Paid,₦ 0.000,0.0,Purchase: ₦ 0.000,MR DARLINGTON IHEANACHO
21/03/2025,MOMO SOF RECEPT MARCCH 25,OWERRI 2,"MTN HYCONNECT CONNECTION OWERRI 2,",Received,Paid,₦ 0.000,0.0,Purchase: ₦ 0.000,MR DARLINGTON IHEANACHO
21/03/2025,MOMO SOF RECEPT MARCCH 25,ONITSHA 2,"MTN HYCONNECT CONNECTION ONITSHA 2,",Received,Paid,₦ 0.000,0.0,Purchase: ₦ 0.000,MR DARLINGTON IHEANACHO
21/03/2025,MOMO SOF RECEPT MARCCH 25,AWKA,"MTN HYCONNECT CONNECTION AWKA,",Received,Paid,₦ 0.000,0.0,Purchase: ₦ 0.000,MR DARLINGTON IHEANACHO
21/03/2025,MOMO SOF RECEPT MARCCH 25,ALAKAHIA,"MTN HYCONNECT CONNECTION ALAKAHIA,",Received,Paid,₦ 0.000,0.0,Purchase: ₦ 0.000,MR DARLINGTON IHEANACHO
21/03/2025,EXTERNAL CUSTOMER(07042434295)MOMO HEAD CASH FLOAT PURCHASE  564,HEAD OFFICE,"CEO MOMO HEAD OFFICE,",Received,Paid,"₦ 10,000.000",10000.0,Purchase: ₦ 0.000,MR DARLINGTON IHEANACHO
21/03/2025,EXTERNAL CUSTOMER(UJU AWKA IMPREST VIA)MOMO HEAD CASH FLOAT PURCHASE  64582123,HEAD OFFICE,"CEO MOMO HEAD OFFICE,",Received,Paid,"₦ 100,000.000",100000.0,Purchase: ₦ 0.000,MR DARLINGTON IHEANACHO
21/03/2025,EXTERNAL CUSTOMER(NITTA ALAKAHIA IMPREST VIA)MOMO HEAD CASH FLOAT PURCHASE  64582123,HEAD OFFICE,"CEO MOMO HEAD OFFICE,",Received,Paid,"₦ 100,000.000",100000.0,Purchase: ₦ 0.000,MR DARLINGTON IHEANACHO
20/03/2025,EBU AWKA MOMO HEAD OFFICE CASH PURCHASE 65166,EBU AWKA,"CEO MOMO HEAD OFFICE,",Received,Paid,"₦ 200,000.000",200000.0,Purchase: ₦ 0.000,MR DARLINGTON IHEANACHO
19/03/2025,EXTERNAL CUSTOMER(08032548091-IFEOMA)MOMO HEAD CASH FLOAT PURCHASE  645022,HEAD OFFICE,"CEO MOMO HEAD OFFICE,",Received,Paid,"₦ 5,000.000",5000.0,Purchase: ₦ 0.000,MR DARLINGTON IHEANACHO
19/03/2025,"LOGICAL CASH ORDER 1023478 = # 6,755,033.24",ONITSHA 2,"MTN HYCONNECT CONNECTION ONITSHA 2,",Received,Paid,"₦ 6,755,033.240",6755033.24,Purchase: ₦ 0.000,NWOKORO BRIGHT
19/03/2025,EBU AWKA MOMO HEAD OFFICE CASH PURCHASE 65116,EBU AWKA,"CEO MOMO HEAD OFFICE,",Received,Paid,"₦ 200,000.000",200000.0,Purchase: ₦ 0.000,MR DARLINGTON IHEANACHO
19/03/2025,SOA ORDER RECPT PPWB VIA LOY.CODE C1022540,AIRPORT,"MTN HYCONNECT CONNECTION AIRPORT,",Received,Paid,"₦ 359,998.200",359998.2,Purchase: ₦ 0.000,Mr Henry Johnson
19/03/2025,CASH ORDER RECPT MIFI C1023196,AIRPORT,"MTN HYCONNECT CONNECTION AIRPORT,",Received,Paid,"₦ 135,000.020",135000.02,Purchase: ₦ 0.000,Mr Henry Johnson
18/03/2025,EXTERNAL CUSTOMER(08032548091-IFEOMA)MOMO HEAD CASH FLOAT PURCHASE  606,HEAD OFFICE,"CEO MOMO HEAD OFFICE,",Received,Paid,"₦ 5,000.000",5000.0,Purchase: ₦ 0.000,MR DARLINGTON IHEANACHO
18/03/2025,ONITSHA 2 MOMO HEAD CASH PURCHASE 5167,ONITSHA 2,"CEO MOMO HEAD OFFICE,",Received,Paid,"₦ 1,000,000.000",1000000.0,Purchase: ₦ 0.000,MR DARLINGTON IHEANACHO
18/03/2025,EBU HEAD/EBU AWKA STOCK TRSF 5621,HEAD OFFICE,"EBU HEAD OFFICE,",Received,Paid,"₦ 225,000.015",225000.02,Purchase: ₦ 0.000,MR DARLINGTON IHEANACHO
18/03/2025,"MIFI CASH ORDER # 1023473 -- 144PCS @  # 1,944,000.23",ONITSHA 2,"MTN HYCONNECT CONNECTION ONITSHA 2,",Received,Paid,"₦ 1,944,000.288",1944000.29,Purchase: ₦ 0.000,NWOKORO BRIGHT
18/03/2025,CASH ORDER RECPT N1000 WITH C1022977,OWERRI 2,"MTN HYCONNECT CONNECTION OWERRI 2,",Received,Paid,"₦ 2,894,991.900",2894991.9,Purchase: ₦ 0.000,Mr Chimezie Unegbu
18/03/2025,CASH ORDER RECPT N500 WITH C1022976,OWERRI 2,"MTN HYCONNECT CONNECTION OWERRI 2,",Received,Paid,"₦ 4,825,038.551",4825038.55,Purchase: ₦ 0.000,Mr Chimezie Unegbu
17/03/2025,OWR 2 MOMO HEAD OFFICE CASH FLOAT PURCHASE 2221,OWERRI 2,"CEO MOMO HEAD OFFICE,",Received,Paid,"₦ 1,000,000.000",1000000.0,Purchase: ₦ 0.000,MR DARLINGTON IHEANACHO
16/03/2025,EXTERNAL CUSTOMER(PERLINA)MOMO HEAD CASH FLOAT PURCHASE  87,HEAD OFFICE,"CEO MOMO HEAD OFFICE,",Received,Paid,"₦ 100,000.000",100000.0,Purchase: ₦ 0.000,MR DARLINGTON IHEANACHO
15/03/2025,AIRPORT MOMO HEAD OFFICE CASH PURCHASE 546,AIRPORT,"CEO MOMO HEAD OFFICE,",Received,Paid,"₦ 300,000.000",300000.0,Purchase: ₦ 0.000,MR DARLINGTON IHEANACHO
14/03/2025,CASH ORDER RECPT VTU TAS565315                                                    315,OKIGWE HUB,"MTN HYCONNECT CONNECTION OKIGWE HUB,",Received,Paid,"₦ 723,750.083",723750.08,Purchase: ₦ 0.000,MR DARLINGTON IHEANACHO
14/03/2025,EXTERNAL CUSTOMER(08066826618-LOIS)MOMO HEAD CASH FLOAT PURCHASE  64987,HEAD OFFICE,"CEO MOMO HEAD OFFICE,",Received,Paid,"₦ 24,500.000",24500.0,Purchase: ₦ 0.000,MR DARLINGTON IHEANACHO
13/03/2025,CASH ORDER RECPT MIFI C1023398,ALAKAHIA,"MTN HYCONNECT CONNECTION ALAKAHIA,",Received,Paid,"₦ 135,000.020",135000.02,Purchase: ₦ 0.000,Mr JOHN AZUBUIKE
13/03/2025,CASH ORDER RECPT N1000 C1023408,ALAKAHIA,"MTN HYCONNECT CONNECTION ALAKAHIA,",Received,Paid,"₦ 964,997.330",964997.33,Purchase: ₦ 0.000,Mr JOHN AZUBUIKE
13/03/2025,AWKA MOMO HEAD OFFICE CASH FLOAT PURCHASE 345,AWKA,"CEO MOMO HEAD OFFICE,",Received,Paid,"₦ 1,000,000.000",1000000.0,Purchase: ₦ 0.000,AMARA IHEJIRIKA
13/03/2025,CASH ORDER RECPT N200 C1023407,ALAKAHIA,"MTN HYCONNECT CONNECTION ALAKAHIA,",Received,Paid,"₦ 3,860,072.440",3860072.44,Purchase: ₦ 0.000,Mr JOHN AZUBUIKE
13/03/2025,CASH ORDER RECPT N100 C1023406,ALAKAHIA,"MTN HYCONNECT CONNECTION ALAKAHIA,",Received,Paid,"₦ 3,859,864.788",3859864.79,Purchase: ₦ 0.000,Mr JOHN AZUBUIKE
13/03/2025,CASH ORDER RECPT MIFI C1023400,ALAKAHIA,"MTN HYCONNECT CONNECTION ALAKAHIA,",Received,Paid,"₦ 1,417,500.210",1417500.21,Purchase: ₦ 0.000,Mr JOHN AZUBUIKE
13/03/2025,CASH ORDER RECPT LOG.C1022971,AWKA,"MTN HYCONNECT CONNECTION AWKA,",Received,Paid,"₦ 7,720,040.920",7720040.92,Purchase: ₦ 0.000,VINA NWOSU
11/03/2025,EXTERNAL CUSTOMER(IFEOMA)MOMO HEAD CASH FLOAT PURCHASE  616,HEAD OFFICE,"CEO MOMO HEAD OFFICE,",Received,Paid,"₦ 5,000.000",5000.0,Purchase: ₦ 0.000,MR DARLINGTON IHEANACHO
11/03/2025,EBU AWKA MOMO HEAD OFFICE CASH PURCHASE 650646,EBU AWKA,"CEO MOMO HEAD OFFICE,",Received,Paid,"₦ 200,000.000",200000.0,Purchase: ₦ 0.000,MR DARLINGTON IHEANACHO
10/03/2025,CASH ORDER RECPT VTU C1022967,AWKA,"MTN HYCONNECT CONNECTION AWKA,",Received,Paid,"₦ 1,447,500.000",1447500.0,Purchase: ₦ 0.000,VINA NWOSU
10/03/2025,ALAKAHIA MOMO HEAD OFFICE CASH FLOAT PURCHASE 38513,ALAKAHIA,"CEO MOMO HEAD OFFICE,",Received,Paid,"₦ 500,000.000",500000.0,Purchase: ₦ 0.000,MR DARLINGTON IHEANACHO
10/03/2025,EXTERNAL CUSTOMER(08066826618-LOIS)MOMO HEAD CASH FLOAT PURCHASE  6469,HEAD OFFICE,"CEO MOMO HEAD OFFICE,",Received,Paid,"₦ 150,000.000",150000.0,Purchase: ₦ 0.000,MR DARLINGTON IHEANACHO
08/03/2025,AIRPORT MOMO HEAD OFFICE CASH PURCHASE 6135,AIRPORT,"CEO MOMO HEAD OFFICE,",Received,Paid,"₦ 300,000.000",300000.0,Purchase: ₦ 0.000,MR DARLINGTON IHEANACHO
08/03/2025,EBU AWKA MOMO HEAD OFFICE CASH PURCHASE 6659,EBU AWKA,"CEO MOMO HEAD OFFICE,",Received,Paid,"₦ 200,000.000",200000.0,Purchase: ₦ 0.000,MR DARLINGTON IHEANACHO
07/03/2025,OK-HUB & TEAM MOMO HEAD FLOAT CHARGES JAN-FEB 25 REFUND,OKIGWE HUB,"CEO MOMO HEAD OFFICE,",Received,Paid,₦ 100.000,100.0,Purchase: ₦ 0.000,MR DARLINGTON IHEANACHO
07/03/2025,ONITSHA 2 & TEAM MOMO HEAD FLOAT CHARGES JAN-FEB 25 REFUND,ONITSHA 2,"CEO MOMO HEAD OFFICE,",Received,Paid,"₦ 2,800.000",2800.0,Purchase: ₦ 0.000,MR DARLINGTON IHEANACHO
07/03/2025,OWR 2 & TEAM MOMO HEAD FLOAT CHARGES JAN-FEB 25 REFUND,OWERRI 2,"CEO MOMO HEAD OFFICE,",Received,Paid,"₦ 1,150.000",1150.0,Purchase: ₦ 0.000,MR DARLINGTON IHEANACHO
07/03/2025,AWKA & TEAM MOMO HEAD FLOAT CHARGES JAN-FEB 25 REFUND,AWKA,"CEO MOMO HEAD OFFICE,",Received,Paid,"₦ 2,000.000",2000.0,Purchase: ₦ 0.000,MR DARLINGTON IHEANACHO
07/03/2025,EBU AWKA MOMO HEAD FLOAT CHARGES JAN-FEB 25 REFUND,EBU AWKA,"CEO MOMO HEAD OFFICE,",Received,Paid,₦ 250.000,250.0,Purchase: ₦ 0.000,MR DARLINGTON IHEANACHO
07/03/2025,ALAKAHIA & TEAM MOMO HEAD FLOAT CHARGES JAN-FEB 25 REFUND,ALAKAHIA,"CEO MOMO HEAD OFFICE,",Received,Paid,₦ 550.000,550.0,Purchase: ₦ 0.000,MR DARLINGTON IHEANACHO
07/03/2025,SOA ORDER RECPT PPWB C1023071,OWERRI 2,"MTN HYCONNECT CONNECTION OWERRI 2,",Received,Paid,"₦ 1,199,994.000",1199994.0,Purchase: ₦ 0.000,Mr Chimezie Unegbu
07/03/2025,CASH ORDER RECPT CAT 4 C1021095,OWERRI 2,"MTN HYCONNECT CONNECTION OWERRI 2,",Received,Paid,"₦ 431,999.976",431999.98,Purchase: ₦ 0.000,Mr Chimezie Unegbu
07/03/2025,CASH ORDER RECPT MIFI C1021094,OWERRI 2,"MTN HYCONNECT CONNECTION OWERRI 2,",Received,Paid,"₦ 810,000.120",810000.12,Purchase: ₦ 0.000,Mr Chimezie Unegbu
07/03/2025,CASH ORDER RECPT PPWB C1022527,AWKA,"MTN HYCONNECT CONNECTION AWKA,",Received,Paid,"₦ 1,199,994.000",1199994.0,Purchase: ₦ 0.000,VINA NWOSU
06/03/2025,EXTERNAL CUSTOMER(08066826618)MOMO HEAD CASH FLOAT PURCHASE  6436,HEAD OFFICE,"CEO MOMO HEAD OFFICE,",Received,Paid,"₦ 34,000.000",34000.0,Purchase: ₦ 0.000,MR DARLINGTON IHEANACHO
06/03/2025,OWR 2 MOMO HEAD OFFICE CASH FLOAT PURCHASE 2198,OWERRI 2,"CEO MOMO HEAD OFFICE,",Received,Paid,"₦ 500,000.000",500000.0,Purchase: ₦ 0.000,MR DARLINGTON IHEANACHO
05/03/2025,EXTERNAL CUSTOMER(IFEOMA)MOMO HEAD CASH FLOAT PURCHASE  6426,HEAD OFFICE,"CEO MOMO HEAD OFFICE,",Received,Paid,"₦ 5,000.000",5000.0,Purchase: ₦ 0.000,MR DARLINGTON IHEANACHO
05/03/2025,ONITSHA 2 MOMO HEAD OFFICE CASH PURCHASE 5409,ONITSHA 2,"CEO MOMO HEAD OFFICE,",Received,Paid,"₦ 1,000,000.000",1000000.0,Purchase: ₦ 0.000,MR DARLINGTON IHEANACHO
04/03/2025,ALAKAHIA MOMO HEAD OFFICE CASH FLOAT PURCHASE 385,ALAKAHIA,"CEO MOMO HEAD OFFICE,",Received,Paid,"₦ 1,000,000.000",1000000.0,Purchase: ₦ 0.000,MR DARLINGTON IHEANACHO
04/03/2025,AWKA MOMO HEAD OFFICE CASH PURCHASE 49740,AWKA,"CEO MOMO HEAD OFFICE,",Received,Paid,"₦ 500,000.000",500000.0,Purchase: ₦ 0.000,MR DARLINGTON IHEANACHO
03/03/2025,EXTERNAL CUSTOMER(perlina)MOMO HEAD CASH FLOAT PURCHASE  876313,HEAD OFFICE,"CEO MOMO HEAD OFFICE,",Received,Paid,"₦ 100,000.000",100000.0,Purchase: ₦ 0.000,MR DARLINGTON IHEANACHO
03/03/2025,AWKA MOMO HEAD OFFICE CASH PURCHASE 49129,AWKA,"CEO MOMO HEAD OFFICE,",Received,Paid,"₦ 500,000.000",500000.0,Purchase: ₦ 0.000,MR DARLINGTON IHEANACHO
01/03/2025,AIRPORT MOMO HEAD OFFICE CASH PURCHASE 850,AIRPORT,"CEO MOMO HEAD OFFICE,",Received,Paid,"₦ 300,000.000",300000.0,Purchase: ₦ 0.000,MR DARLINGTON IHEANACHO
28/02/2025,LOGICAL PURCHASED VIA SOA WITH ORDER NO: 1022892,ONITSHA 2,"MTN HYCONNECT CONNECTION ONITSHA 2,",Received,Paid,"₦ 4,246,025.000",4246025.0,Purchase: ₦ 0.000,NWOKORO BRIGHT
28/02/2025,ONITSHA 2 MOMO HEAD OFFICE CASH PURCHASE 647,ONITSHA 2,"CEO MOMO HEAD OFFICE,",Received,Paid,"₦ 1,000,000.000",1000000.0,Purchase: ₦ 0.000,MR DARLINGTON IHEANACHO
28/02/2025,CASH ORDER RECPT MIFI C1021057,AIRPORT,"MTN HYCONNECT CONNECTION AIRPORT,",Received,Paid,"₦ 270,000.040",270000.04,Purchase: ₦ 0.000,Mr Henry Johnson
27/02/2025,LOGICAL SOA ORDER WITH ORDER NO:1022772,ALAKAHIA,"MTN HYCONNECT CONNECTION ALAKAHIA,",Received,Paid,"₦ 2,267,750.000",2267750.0,Purchase: ₦ 0.000,Mr JOHN AZUBUIKE
26/02/2025,EXTERNAL CUSTOMER(08032548091-IFEOMA)MOMO HEAD CASH FLOAT PURCHASE  6402,HEAD OFFICE,"CEO MOMO HEAD OFFICE,",Received,Paid,"₦ 5,000.000",5000.0,Purchase: ₦ 0.000,MR DARLINGTON IHEANACHO
26/02/2025,EXTERNAL CUSTOMER(7030856556-KINGSLEY)MOMO HEAD CASH FLOAT PURCHASE  6413,HEAD OFFICE,"CEO MOMO HEAD OFFICE,",Received,Paid,"₦ 10,000.000",10000.0,Purchase: ₦ 0.000,MR DARLINGTON IHEANACHO
25/02/2025,OWR 2 MOMO HEAD OFFICE CASH FLOAT PURCHASE 2078,OWERRI 2,"CEO MOMO HEAD OFFICE,",Received,Paid,"₦ 500,000.000",500000.0,Purchase: ₦ 0.000,MR DARLINGTON IHEANACHO
25/02/2025,EXTERNAL CUSTOMER(NELSON)MOMO HEAD CASH FLOAT PURCHASE  6464,HEAD OFFICE,"CEO MOMO HEAD OFFICE,",Received,Paid,"₦ 10,000.000",10000.0,Purchase: ₦ 0.000,MR DARLINGTON IHEANACHO
25/02/2025,EXTERNAL CUSTOMER(08164966777-IFEOMA)MOMO HEAD CASH FLOAT PURCHASE  876,HEAD OFFICE,"CEO MOMO HEAD OFFICE,",Received,Paid,"₦ 5,000.000",5000.0,Purchase: ₦ 0.000,MR DARLINGTON IHEANACHO
24/02/2025,LOGICAL RECEIVED VIA SOA WITH ORDER NO: 1022523,AWKA,"MTN HYCONNECT CONNECTION AWKA,",Received,Paid,"₦ 144,757.500",144757.5,Purchase: ₦ 0.000,VINA NWOSU
24/02/2025,EXTERNAL CUSTOMER(IFEOMA)MOMO HEAD CASH FLOAT PURCHASE  665,HEAD OFFICE,"CEO MOMO HEAD OFFICE,",Received,Paid,"₦ 5,000.000",5000.0,Purchase: ₦ 0.000,MR DARLINGTON IHEANACHO
24/02/2025,OK-HUB MOMO HEAD OFFICE CASH PURCHASE (07030773746)369,OKIGWE HUB,"CEO MOMO HEAD OFFICE,",Received,Paid,"₦ 200,000.000",200000.0,Purchase: ₦ 0.000,MR DARLINGTON IHEANACHO
24/02/2025,EBU AWKA MOMO HEAD OFFICE CASH PURCHASE 650645,EBU AWKA,"CEO MOMO HEAD OFFICE,",Received,Paid,"₦ 200,000.000",200000.0,Purchase: ₦ 0.000,MR DARLINGTON IHEANACHO
24/02/2025,EXTERNAL CUSTOMER(08032034342)MOMO HEAD CASH FLOAT PURCHASE  876,HEAD OFFICE,"CEO MOMO HEAD OFFICE,",Received,Paid,"₦ 130,000.000",130000.0,Purchase: ₦ 0.000,MR DARLINGTON IHEANACHO
24/02/2025,EXTERNAL CUSTOMER(07042434290)MOMO HEAD CASH FLOAT PURCHASE  64,HEAD OFFICE,"CEO MOMO HEAD OFFICE,",Received,Paid,"₦ 20,000.000",20000.0,Purchase: ₦ 0.000,MR DARLINGTON IHEANACHO
21/02/2025,CASH ORDER RECPT MIFI TAS553370,OKIGWE HUB,"MTN HYCONNECT CONNECTION OKIGWE HUB,",Received,Paid,"₦ 810,000.000",810000.0,Purchase: ₦ 0.000,MR DARLINGTON IHEANACHO
20/02/2025,SOA ORDER RECPT HYNET CAT 4 VIA LOY. C1022218,AWKA,"MTN HYCONNECT CONNECTION AWKA,",Received,Paid,"₦ 647,999.964",647999.96,Purchase: ₦ 0.000,VINA NWOSU
20/02/2025,LOGICALS RECEIVED VIA CASH ORDER WITH ORDER NO: 1022525,AWKA,"MTN HYCONNECT CONNECTION AWKA,",Received,Paid,"₦ 4,342,534.710",4342534.71,Purchase: ₦ 0.000,VINA NWOSU
20/02/2025,CASH PORDER RECPT LOGICALS C1021058,AIRPORT,"MTN HYCONNECT CONNECTION AIRPORT,",Received,Paid,"₦ 4,825,017.810",4825017.81,Purchase: ₦ 0.000,Mr Henry Johnson
20/02/2025,ONITSHA 2 MOMO HEAD CASH PURCHASE 5687,ONITSHA 2,"CEO MOMO HEAD OFFICE,",Received,Paid,"₦ 1,000,000.000",1000000.0,Purchase: ₦ 0.000,MR DARLINGTON IHEANACHO
20/02/2025,AIRPORT MOMO HEAD OFFICE CASH PURCHASE 549,AIRPORT,"CEO MOMO HEAD OFFICE,",Received,Paid,"₦ 300,000.000",300000.0,Purchase: ₦ 0.000,MR DARLINGTON IHEANACHO
19/02/2025,SOA ORDER RECPT LOG N100 VIA LOY C1022231,AWKA,"MTN HYCONNECT CONNECTION AWKA,",Received,Paid,"₦ 482,470.000",482470.0,Purchase: ₦ 0.000,VINA NWOSU
19/02/2025,SOA ORDER RECPT N1000 VIA LOY C1022224,AWKA,"MTN HYCONNECT CONNECTION AWKA,",Received,Paid,"₦ 964,994.000",964994.0,Purchase: ₦ 0.000,VINA NWOSU
19/02/2025,EXTERNAL CUSTOMER(08037779475-VINA)MOMO HEAD CASH FLOAT PURCHASE  876321,HEAD OFFICE,"CEO MOMO HEAD OFFICE,",Received,Paid,"₦ 7,500.000",7500.0,Purchase: ₦ 0.000,MR DARLINGTON IHEANACHO
19/02/2025,EXTERNAL CUSTOMER(08137567588-FAITH)MOMO HEAD CASH FLOAT PURCHASE  82123,HEAD OFFICE,"CEO MOMO HEAD OFFICE,",Received,Paid,"₦ 1,500.000",1500.0,Purchase: ₦ 0.000,MR DARLINGTON IHEANACHO
19/02/2025,EXTERNAL CUSTOMER(07068313679-CHINASA)MOMO HEAD CASH FLOAT PURCHASE  876321,HEAD OFFICE,"CEO MOMO HEAD OFFICE,",Received,Paid,"₦ 1,500.000",1500.0,Purchase: ₦ 0.000,MR DARLINGTON IHEANACHO
19/02/2025,EXTERNAL CUSTOMER(IFEOMA-08032548091)MOMO HEAD CASH FLOAT PURCHASE  876321,HEAD OFFICE,"CEO MOMO HEAD OFFICE,",Received,Paid,"₦ 7,000.000",7000.0,Purchase: ₦ 0.000,MR DARLINGTON IHEANACHO
19/02/2025,VTU RECEIVED VIA CASH ORDER WITH ORDER NO: 1022396,OWERRI 2,"MTN HYCONNECT CONNECTION OWERRI 2,",Received,Paid,"₦ 2,171,250.270",2171250.27,Purchase: ₦ 0.000,Mr Chimezie Unegbu
18/02/2025,AWKA MOMO HEAD OFFICE CASH PURCHASE 496,AWKA,"CEO MOMO HEAD OFFICE,",Received,Paid,"₦ 1,000,000.000",1000000.0,Purchase: ₦ 0.000,MR DARLINGTON IHEANACHO
18/02/2025,"EXTERNAL CUSTOMER(08164966777,pelina okoro)MOMO HEAD CASH FLOAT PURCHASE  876321",HEAD OFFICE,"CEO MOMO HEAD OFFICE,",Received,Paid,"₦ 100,000.000",100000.0,Purchase: ₦ 0.000,MR DARLINGTON IHEANACHO
18/02/2025,EXTERNAL CUSTOMER(07042434295)MOMO HEAD CASH FLOAT PURCHASE  64582123,HEAD OFFICE,"CEO MOMO HEAD OFFICE,",Received,Paid,"₦ 20,000.000",20000.0,Purchase: ₦ 0.000,MR DARLINGTON IHEANACHO
17/02/2025,MOMO SOF RECEPT FEB 25,OKIGWE HUB,"MTN HYCONNECT CONNECTION OKIGWE HUB,",Received,Paid,₦ 0.000,0.0,Purchase: ₦ 0.000,MR DARLINGTON IHEANACHO
17/02/2025,MOMO SOF RECEPT FEB 25,AIRPORT,"MTN HYCONNECT CONNECTION AIRPORT,",Received,Paid,₦ 0.000,0.0,Purchase: ₦ 0.000,MR DARLINGTON IHEANACHO
17/02/2025,MOMO SOF RECEPT FEB 25,ONITSHA 2,"MTN HYCONNECT CONNECTION ONITSHA 2,",Received,Paid,₦ 0.000,0.0,Purchase: ₦ 0.000,MR DARLINGTON IHEANACHO
17/02/2025,MOMO SOF RECEPT FEB 25,AWKA,"MTN HYCONNECT CONNECTION AWKA,",Received,Paid,₦ 0.000,0.0,Purchase: ₦ 0.000,MR DARLINGTON IHEANACHO
17/02/2025,MOMO SOF RECEPT FEB 25,OWERRI 2,"MTN HYCONNECT CONNECTION OWERRI 2,",Received,Paid,₦ 0.000,0.0,Purchase: ₦ 0.000,MR DARLINGTON IHEANACHO
17/02/2025,MOMO SOF RECEPT FEB 25,ALAKAHIA,"MTN HYCONNECT CONNECTION ALAKAHIA,",Received,Paid,₦ 0.000,0.0,Purchase: ₦ 0.000,MR DARLINGTON IHEANACHO
15/02/2025,VTU RECEIVED VIIA CASH ORDER WITH ORDER NO: 1021314,AWKA,"MTN HYCONNECT CONNECTION AWKA,",Received,Paid,"₦ 1,447,500.000",1447500.0,Purchase: ₦ -0.180,VINA NWOSU
14/02/2025,CAT 4 RECEIVED VIA SOA ORDER NUMBER 1020164  (30PCS),ONITSHA 2,"MTN HYCONNECT CONNECTION ONITSHA 2,",Received,Paid,"₦ 539,999.970",539999.97,Purchase: ₦ 0.000,NWOKORO BRIGHT
14/02/2025,EBU AWKA MOMO HEAD OFF. CASH PURCHASE,EBU AWKA,"CEO MOMO HEAD OFFICE,",Received,Paid,"₦ 200,000.000",200000.0,Purchase: ₦ 0.000,AMARA IHEJIRIKA
14/02/2025,EXTERNAL CUSTOMER(IFEOMA)MOMO HEAD CASH PURCHASE  821543,HEAD OFFICE,"CEO MOMO HEAD OFFICE,",Received,Paid,"₦ 7,000.000",7000.0,Purchase: ₦ 0.000,MR DARLINGTON IHEANACHO
14/02/2025,VTU PAID VIA CASH WITH ORDER NO: TAS553338,OKIGWE HUB,"MTN HYCONNECT CONNECTION OKIGWE HUB,",Received,Paid,"₦ 723,750.083",723750.08,Purchase: ₦ 0.000,AMARA IHEJIRIKA
14/02/2025,EXTERNAL CUSTOMER(07042434295)MOMO HEAD CASH FLOAT PURCHASE  876321,HEAD OFFICE,"CEO MOMO HEAD OFFICE,",Received,Paid,"₦ 10,000.000",10000.0,Purchase: ₦ 0.000,MR DARLINGTON IHEANACHO
14/02/2025,EXTERNAL CUSTOMER(08066826618)MOMO HEAD CASH FLOAT PURCHASE  876123,HEAD OFFICE,"CEO MOMO HEAD OFFICE,",Received,Paid,"₦ 10,000.000",10000.0,Purchase: ₦ 0.000,MR DARLINGTON IHEANACHO
13/02/2025,AWKA MOMO HEAD OFFICE CASH PURCHASE 098,AWKA,"CEO MOMO HEAD OFFICE,",Received,Paid,"₦ 500,000.000",500000.0,Purchase: ₦ 0.000,MR DARLINGTON IHEANACHO
13/02/2025,CASH ORDER RECPT N1000 C1021135,ALAKAHIA,"MTN HYCONNECT CONNECTION ALAKAHIA,",Received,Paid,"₦ 868,497.606",868497.61,Purchase: ₦ 0.000,Mr JOHN AZUBUIKE
13/02/2025,CASH ORDER RECPT LOG.C1021126,ALAKAHIA,"MTN HYCONNECT CONNECTION ALAKAHIA,",Received,Paid,"₦ 8,781,475.740",8781475.74,Purchase: ₦ 0.000,Mr JOHN AZUBUIKE
12/02/2025,LOGICAL CASH RECEIVED WITH ORDER NUMBER 1021294,ONITSHA 2,"MTN HYCONNECT CONNECTION ONITSHA 2,",Received,Paid,"₦ 8,781,524.560",8781524.56,Purchase: ₦ 0.000,NWOKORO BRIGHT
12/02/2025,EXTERNAL CUSTOMER(0803254091)MOMO HEAD CASH FLOAT PURCHASE  82123,HEAD OFFICE,"CEO MOMO HEAD OFFICE,",Received,Paid,"₦ 7,000.000",7000.0,Purchase: ₦ 0.000,MR DARLINGTON IHEANACHO
12/02/2025,OWR 2/OZB PHONE PURCHASED VIA CASH ORDER P669800,OWERRI 2,"MTN HYCONNECT CONNECTION OWERRI 2,",Received,Paid,"₦ 669,800.000",669800.0,Purchase: ₦ 0.000,AMARA IHEJIRIKA
12/02/2025,EBU HEAD/EBU AWKA STOCK TRSF 4259,HEAD OFFICE,"EBU HEAD OFFICE,",Received,Paid,"₦ 174,199.994",174199.99,Purchase: ₦ 0.000,MR DARLINGTON IHEANACHO
11/02/2025,AIRPORT MOMO HEAD CASH PURCHASE 298,AIRPORT,"CEO MOMO HEAD OFFICE,",Received,Paid,"₦ 300,000.000",300000.0,Purchase: ₦ 0.000,MR DARLINGTON IHEANACHO
11/02/2025,ONITSHA 2 MOMO HEAD CASH PURCHASE 56,ONITSHA 2,"CEO MOMO HEAD OFFICE,",Received,Paid,"₦ 1,000,000.000",1000000.0,Purchase: ₦ 0.000,MR DARLINGTON IHEANACHO
11/02/2025,CAT 4 RECEIVED VIS CASH ORDER WITH ORDER NO: 1021122,ALAKAHIA,"MTN HYCONNECT CONNECTION ALAKAHIA,",Received,Paid,"₦ 467,999.979",467999.98,Purchase: ₦ 0.000,Mr JOHN AZUBUIKE
11/02/2025,MIFI RECEIVEVED VIA CASH ORDER WITH ORDER NO:1021118,ALAKAHIA,"MTN HYCONNECT CONNECTION ALAKAHIA,",Received,Paid,"₦ 1,107,000.164",1107000.16,Purchase: ₦ 0.000,Mr JOHN AZUBUIKE
09/02/2025,ALAKAHIA MOMO HEAD OFFICE CASH FLOAT PURCHASE 37,ALAKAHIA,"CEO MOMO HEAD OFFICE,",Received,Paid,"₦ 5,500,000.000",5500000.0,Purchase: ₦ 0.000,MR DARLINGTON IHEANACHO
08/02/2025,OWR 2 MOMO HEAD OFFICE CASH PURCHASE 98,OWERRI 2,"CEO MOMO HEAD OFFICE,",Received,Paid,"₦ 500,000.000",500000.0,Purchase: ₦ 0.000,MR DARLINGTON IHEANACHO
08/02/2025,EBU AWKA MOMO HEAD OFFICE CASH PURCHASE 65057,EBU AWKA,"CEO MOMO HEAD OFFICE,",Received,Paid,"₦ 200,000.000",200000.0,Purchase: ₦ 0.000,MR DARLINGTON IHEANACHO
07/02/2025,MIFI CASH ORDER RECEIVED WITH ORDER NO: 1021046,AWKA,"MTN HYCONNECT CONNECTION AWKA,",Received,Paid,"₦ 810,000.000",810000.0,Purchase: ₦ 0.000,VINA NWOSU
07/02/2025,EXTERNAL CUSTOMER(08160634583)MOMO HEAD CASH FLOAT PURCHASE  8209,HEAD OFFICE,"CEO MOMO HEAD OFFICE,",Received,Paid,"₦ 10,000.000",10000.0,Purchase: ₦ 0.000,MR DARLINGTON IHEANACHO
06/02/2025,CASH ORDER RECPT AWKA/OZB COMM PHONE PURCHASED P754500,AWKA,"OZB COMMUNICATION - AWKA,",Received,Paid,"₦ 754,500.000",754500.0,Purchase: ₦ 0.000,VINA NWOSU
06/02/2025,SOA ORDER RECPT N100 C1020834,AWKA,"MTN HYCONNECT CONNECTION AWKA,",Received,Paid,"₦ 96,496.620",96496.62,Purchase: ₦ 0.000,VINA NWOSU
06/02/2025,SOA ORDER RECPT CAT 4 TAS546269,OKIGWE HUB,"MTN HYCONNECT CONNECTION OKIGWE HUB,",Received,Paid,"₦ 179,999.990",179999.99,Purchase: ₦ 0.000,MR DARLINGTON IHEANACHO
06/02/2025,CASH ORDER RECPT MIFI TAS546256 30PXC  RE-PLANNED FOR SOA  TAS,OKIGWE HUB,"MTN HYCONNECT CONNECTION OKIGWE HUB,",Received,Paid,"₦ 405,000.030",405000.03,Purchase: ₦ 0.000,MR DARLINGTON IHEANACHO
06/02/2025,CASH ORDER RECPT PPWB TAS546272 1400PCS  RE-PLANNED FOR SOA  TAS,OKIGWE HUB,"MTN HYCONNECT CONNECTION OKIGWE HUB,",Received,Paid,"₦ 840,000.000",840000.0,Purchase: ₦ 0.000,MR DARLINGTON IHEANACHO
06/02/2025,EXTERNAL CUSTOMER(08032548091)MOMO HEAD CASH FLOAT PURCHASE  8709,HEAD OFFICE,"CEO MOMO HEAD OFFICE,",Received,Paid,"₦ 5,000.000",5000.0,Purchase: ₦ 0.000,MR DARLINGTON IHEANACHO
06/02/2025,EXTERNAL CUSTOMER(08164966777)MOMO HEAD CASH FLOAT PURCHASE  87,HEAD OFFICE,"CEO MOMO HEAD OFFICE,",Received,Paid,"₦ 100,000.000",100000.0,Purchase: ₦ 0.000,MR DARLINGTON IHEANACHO
06/02/2025,CASH ORDER RECPT AWKA/OZB COMM PHONE PURCHASED P324000,AWKA,"OZB COMMUNICATION - AWKA,",Received,Paid,"₦ 324,000.000",324000.0,Purchase: ₦ 0.000,MR DARLINGTON IHEANACHO
05/02/2025,LOGICALS PURCHASED VIA CASH ORDER WITH ORDER NO: 1020768,AWKA,"MTN HYCONNECT CONNECTION AWKA,",Received,Paid,"₦ 6,755,043.580",6755043.58,Purchase: ₦ 0.000,VINA NWOSU
03/02/2025,SOA ORDER RECPT HYNET CAT 43  VIA LOY.CODE C1019987,AIRPORT,"MTN HYCONNECT CONNECTION AIRPORT,",Received,Paid,"₦ 143,999.992",143999.99,Purchase: ₦ 0.000,Mr Henry Johnson
03/02/2025,soa order recpt mifi via loy code c1019983,AIRPORT,"MTN HYCONNECT CONNECTION AIRPORT,",Received,Paid,"₦ 270,000.020",270000.02,Purchase: ₦ 0.000,Mr Henry Johnson
03/02/2025,EBU AWKA MOMO HEAD OFFICE CASH PURCHASE 651,EBU AWKA,"CEO MOMO HEAD OFFICE,",Received,Paid,"₦ 200,000.000",200000.0,Purchase: ₦ 0.000,MR DARLINGTON IHEANACHO
03/02/2025,CASH ORDER RECPT PPWB C1020162,ALAKAHIA,"MTN HYCONNECT CONNECTION ALAKAHIA,",Received,Paid,"₦ 1,199,994.000",1199994.0,Purchase: ₦ 0.000,Mr JOHN AZUBUIKE
01/02/2025,EBU AWKA MOMO HEAD OFFICE CASH PURCHASE 650,EBU AWKA,"CEO MOMO HEAD OFFICE,",Received,Paid,"₦ 200,000.000",200000.0,Purchase: ₦ 0.000,MR DARLINGTON IHEANACHO
31/01/2025,LOGICAL RECEIVED VIA SOA WITH ORDER NO:1020580,AWKA,"MTN HYCONNECT CONNECTION AWKA,",Received,Paid,"₦ 221,946.780",221946.78,Purchase: ₦ 0.000,VINA NWOSU
31/01/2025,EBU HEAD/EBU AWKA STOCK TRSF 46941,HEAD OFFICE,"EBU HEAD OFFICE,",Received,Paid,"₦ 328,799.996",328800.0,Purchase: ₦ 0.000,MR DARLINGTON IHEANACHO
31/01/2025,AWKA MOMO HEAD OFFICE CASH PURCHASE 746,AWKA,"CEO MOMO HEAD OFFICE,",Received,Paid,"₦ 1,000,000.000",1000000.0,Purchase: ₦ 0.000,MR DARLINGTON IHEANACHO
30/01/2025,PPWB RECEIVED WITH ORDER NO: 1020581,AWKA,"MTN HYCONNECT CONNECTION AWKA,",Received,Paid,"₦ 1,199,994.820",1199994.82,Purchase: ₦ 0.000,VINA NWOSU
30/01/2025,LOGICAL CASH ORDER RECEIVED WITH ORDER NO: 1020561,ALAKAHIA,"MTN (ALAKAHIA),",Received,Paid,"₦ 3,859,989.350",3859989.35,Purchase: ₦ 0.000,AMARA IHEJIRIKA
29/01/2025,ONITSHA 2 MOMO HEAD OFFICE CASH PURCHASE,ONITSHA 2,"CEO MOMO HEAD OFFICE,",Received,Paid,"₦ 808,000.000",808000.0,Purchase: ₦ 0.000,MR DARLINGTON IHEANACHO
29/01/2025,OWR 2 MOMO HEAD OFFICE CASH PURCHASE,OWERRI 2,"CEO MOMO HEAD OFFICE,",Received,Paid,"₦ 500,000.000",500000.0,Purchase: ₦ 0.000,MR DARLINGTON IHEANACHO
29/01/2025,ALAKAHIA MOMO HEAD OFFICE CASH PURCHASE,ALAKAHIA,"CEO MOMO HEAD OFFICE,",Received,Paid,"₦ 1,000,000.000",1000000.0,Purchase: ₦ 0.000,MR DARLINGTON IHEANACHO
29/01/2025,AIRPORT MOMO HEAD OFFICE CASH PURCHASE,AIRPORT,"CEO MOMO HEAD OFFICE,",Received,Paid,"₦ 300,000.000",300000.0,Purchase: ₦ 0.000,MR DARLINGTON IHEANACHO
29/01/2025,OK-HUB MOMO HEAD OFFICE CASH PURCHASE (07033291748),OKIGWE HUB,"CEO MOMO HEAD OFFICE,",Received,Paid,"₦ 200,000.000",200000.0,Purchase: ₦ 0.000,MR DARLINGTON IHEANACHO
28/01/2025,CAT 4 RECEIVED VIA CASH ORDER WITH ORDER NO: 1019868,OWERRI 2,"MTN HYCONNECT CONNECTION OWERRI 2,",Received,Paid,"₦ 539,999.970",539999.97,Purchase: ₦ 0.000,Mr Chimezie Unegbu
28/01/2025,5G RECEIVED VIA CASH ORDER WITH ORDER NO: 1019870,OWERRI 2,"MTN HYCONNECT CONNECTION OWERRI 2,",Received,Paid,"₦ 588,799.960",588799.96,Purchase: ₦ 0.000,Mr Chimezie Unegbu
28/01/2025,MIFI RECEIVESD VIA CASH ORDER WITH ORDER NO: 1019864,OWERRI 2,"MTN HYCONNECT CONNECTION OWERRI 2,",Received,Paid,"₦ 810,000.060",810000.06,Purchase: ₦ 0.000,Mr Chimezie Unegbu
28/01/2025,5G RECEIVED VIA SOA WITH ORDER NO:1018509,OWERRI 2,"MTN HYCONNECT CONNECTION OWERRI 2,",Received,Paid,"₦ 367,999.975",367999.98,Purchase: ₦ 0.000,Mr Chimezie Unegbu
28/01/2025,PPWB RECEIVED VIA CASH ORDER WITH ORDER NO:1019209,OWERRI 2,"MTN HYCONNECT CONNECTION OWERRI 2,",Received,Paid,"₦ 1,199,994.820",1199994.82,Purchase: ₦ 0.000,Mr Chimezie Unegbu
28/01/2025,AGENT(08032548091) MOMO HEAD OFFICE CASH PURCHASE,HEAD OFFICE,"CEO MOMO HEAD OFFICE,",Received,Paid,"₦ 7,000.000",7000.0,Purchase: ₦ 0.000,MR DARLINGTON IHEANACHO
28/01/2025,NEKEDE MOMO HEAD OFFICE CASH PURCHASE TRSF,NEKEDE,"CEO MOMO HEAD OFFICE,",Received,Paid,"₦ 20,000.000",20000.0,Purchase: ₦ 0.000,MR DARLINGTON IHEANACHO
28/01/2025,VTU RECEIVED VIA SOA WITH ORDER NO:1020326,OWERRI 2,"MTN HYCONNECT CONNECTION OWERRI 2,",Received,Paid,"₦ 2,171,250.270",2171250.27,Purchase: ₦ 0.000,Mr Chimezie Unegbu
27/01/2025,CASH ORDER RECPT LOG. C1020281,AWKA,"MTN HYCONNECT CONNECTION AWKA,",Received,Paid,"₦ 2,895,024.000",2895024.0,Purchase: ₦ 0.000,VINA NWOSU
25/01/2025,OWR 2 MOMO HEAD OFFICE CASH PURCHASE(08160387901)N 0897,OWERRI 2,"CEO MOMO HEAD OFFICE,",Received,Paid,"₦ 300,000.000",300000.0,Purchase: ₦ 0.000,MR DARLINGTON IHEANACHO
25/01/2025,ALV 2 MOMO HEAD OFFICE CASH PUCHASE FROM HEAD,ALVAN 2,"CEO MOMO HEAD OFFICE,",Received,Paid,"₦ 20,000.000",20000.0,Purchase: ₦ 0.000,MR DARLINGTON IHEANACHO
24/01/2025,AWKA MOMO HEAD OFFICE CASH PURCHASE,AWKA,"CEO MOMO HEAD OFFICE,",Received,Paid,"₦ 500,000.000",500000.0,Purchase: ₦ 0.000,MR DARLINGTON IHEANACHO
24/01/2025,5G SOA ORDER RECEIVED WITH ORDER NO:1020160,ALAKAHIA,"MTN (ALAKAHIA),",Received,Paid,"₦ 147,199.990",147199.99,"Purchase: ₦ -14,572,799.010",AMARA IHEJIRIKA
24/01/2025,OWR 2 MOMO HEAD OFFICE CASH PURCHASE(08160387901),OWERRI 2,"CEO MOMO HEAD OFFICE,",Received,Paid,"₦ 23,500.000",23500.0,Purchase: ₦ 0.000,MR DARLINGTON IHEANACHO
24/01/2025,N500 SOA RECEIVED WITH ORDER NO:1019741,ALAKAHIA,"MTN HYCONNECT CONNECTION ALAKAHIA,",Received,Paid,"₦ 482,503.850",482503.85,Purchase: ₦ 0.000,Mr JOHN AZUBUIKE
24/01/2025,MIFI SOA ORDER RECEIVED WITH ORDER NO: 1019731,ALAKAHIA,"MTN HYCONNECT CONNECTION ALAKAHIA,",Received,Paid,"₦ 715,500.106",715500.11,Purchase: ₦ 0.000,Mr JOHN AZUBUIKE
24/01/2025,CAT 4 SOA RECEIVED WITH ORDER NO: 1019729,ALAKAHIA,"MTN HYCONNECT CONNECTION ALAKAHIA,",Received,Paid,"₦ 233,999.990",233999.99,Purchase: ₦ 0.000,Mr JOHN AZUBUIKE
24/01/2025,5G SOA ORDER RECEIVED WITH ORDER NO:1020158,ALAKAHIA,"MTN HYCONNECT CONNECTION ALAKAHIA,",Received,Paid,"₦ 294,399.940",294399.94,Purchase: ₦ 0.000,Mr JOHN AZUBUIKE
24/01/2025,5G RECIEIVED VIA SOA WITH ORDER NO: 1019722,ALAKAHIA,"MTN HYCONNECT CONNECTION ALAKAHIA,",Received,Paid,"₦ 588,799.960",588799.96,Purchase: ₦ 0.000,Mr JOHN AZUBUIKE
24/01/2025,SOA ORDER RECPT HYNET CAT 4 VIA LOY.CODE C1019885,AWKA,"MTN HYCONNECT CONNECTION AWKA,",Received,Paid,"₦ 539,999.970",539999.97,Purchase: ₦ 0.000,VINA NWOSU
24/01/2025,SOA ORDER RECPT 5G HYNET C1019881,AWKA,"MTN HYCONNECT CONNECTION AWKA,",Received,Paid,"₦ 367,999.985",367999.99,Purchase: ₦ 0.000,VINA NWOSU
24/01/2025,CASH ORDER RECPT MIFI C1019887,AWKA,"MTN HYCONNECT CONNECTION AWKA,",Received,Paid,"₦ 810,000.120",810000.12,Purchase: ₦ 0.000,VINA NWOSU
23/01/2025,PPWB CASH ORDER RECEIVED WITH ORDER NO: 1020169,ONITSHA 2,"MTN HYCONNECT CONNECTION ONITSHA 2,",Received,Paid,"₦ 2,999,987.050",2999987.05,Purchase: ₦ 0.000,NWOKORO BRIGHT
23/01/2025,5G ROUTER CASH ORDER RECEIVED WITH ORDER NO:1020168,ONITSHA 2,"MTN HYCONNECT CONNECTION ONITSHA 2,",Received,Paid,"₦ 367,999.980",367999.98,Purchase: ₦ 0.000,NWOKORO BRIGHT
23/01/2025,EXTERNAL CUSTOMER(08160387901)MOMO HEAD CASH FLOAT PURCHASE VIA IMO NORTH TELLER LINE,HEAD OFFICE,"CEO MOMO HEAD OFFICE,",Received,Paid,"₦ 610,000.000",610000.0,Purchase: ₦ 0.000,MR DARLINGTON IHEANACHO
23/01/2025,EXTERNAL CUSTOMER(08164966777)MOMO HEAD CASH FLOAT PURCHASE VIA IMO NORTH TELLER LINE,HEAD OFFICE,"CEO MOMO HEAD OFFICE,",Received,Paid,"₦ 100,000.000",100000.0,Purchase: ₦ 0.000,MR DARLINGTON IHEANACHO
23/01/2025,ESUT MOMO HEAD OFFICE CASH FLOAT OPENING BALANCE ACCT IN JAN.25 @SYSTEM UPDATE COURTSY CEO MOMO HEAD ACCT,ESUT,"CEO MOMO HEAD OFFICE,",Received,Paid,"₦ 50,000.000",50000.0,Purchase: ₦ 0.000,MR DARLINGTON IHEANACHO
23/01/2025,UMUAGWO(BECKY) MOMO HEAD OFFICE CASH FLOAT OPENING BALANCE ACCT IN JAN.25 @SYSTEM UPDATE COURTSY CEO MOMO HEAD ACCT,UMUAGWO,"CEO MOMO HEAD OFFICE,",Received,Paid,"₦ 10,000.000",10000.0,Purchase: ₦ 0.000,MR DARLINGTON IHEANACHO
23/01/2025,IMT MOMO HEAD OFFICE CASH FLOAT OPENING BALANCE ACCT IN JAN.25 @SYSTEM UPDATE COURTSY CEO MOMO HEAD ACCT,IMT,"CEO MOMO HEAD OFFICE,",Received,Paid,"₦ 20,000.000",20000.0,Purchase: ₦ 0.000,MR DARLINGTON IHEANACHO
23/01/2025,UMUAGWO(UJONG) MOMO HEAD OFFICE CASH FLOAT OPENING BALANCE ACCT IN JAN.25 @SYSTEM UPDATE COURTSY CEO MOMO HEAD ACCT,UMUAGWO,"CEO MOMO HEAD OFFICE,",Received,Paid,"₦ 25,000.000",25000.0,Purchase: ₦ 0.000,MR DARLINGTON IHEANACHO
23/01/2025,STATE SEC MOMO HEAD OFFICE CASH FLOAT OPENING BALANCE ACCT IN JAN.25 @SYSTEM UPDATE COURTSY CEO MOMO HEAD ACCT,STATE SEC,"CEO MOMO HEAD OFFICE,",Received,Paid,"₦ 15,000.000",15000.0,Purchase: ₦ 0.000,MR DARLINGTON IHEANACHO
23/01/2025,AIRPORT MOMO HEAD OFFICE CASH FLOAT OPENING BALANCE ACCT IN JAN.25 @SYSTEM UPDATE COURTSY CEO MOMO HEAD ACCT,AIRPORT,"CEO MOMO HEAD OFFICE,",Received,Paid,"₦ 300,000.000",300000.0,Purchase: ₦ 0.000,MR DARLINGTON IHEANACHO
23/01/2025,IMSU MOMO HEAD OFFICE CASH FLOAT OPENING BALANCE ACCT IN JAN.25 @SYSTEM UPDATE COURTSY CEO MOMO HEAD ACCT,IMSU,"CEO MOMO HEAD OFFICE,",Received,Paid,"₦ 20,000.000",20000.0,Purchase: ₦ 0.000,MR DARLINGTON IHEANACHO
23/01/2025,ULAKWO MOMO HEAD OFFICE CASH FLOAT OPENING BALANCE ACCT IN JAN.25 @SYSTEM UPDATE COURTSY CEO MOMO HEAD ACCT,ULAKWO,"CEO MOMO HEAD OFFICE,",Received,Paid,"₦ 10,000.000",10000.0,Purchase: ₦ 0.000,MR DARLINGTON IHEANACHO
23/01/2025,NEKEDE MOMO HEAD OFFICE CASH FLOAT OPENING BALANCE ACCT IN JAN.25 @SYSTEM UPDATE COURTSY CEO MOMO HEAD ACCT,NEKEDE,"CEO MOMO HEAD OFFICE,",Received,Paid,"₦ 20,000.000",20000.0,Purchase: ₦ 0.000,MR DARLINGTON IHEANACHO
23/01/2025,OANDO MOMO HEAD OFFICE CASH FLOAT OPENING BALANCE ACCT IN JAN.25 @SYSTEM UPDATE COURTSY CEO MOMO HEAD ACCT,OANDO,"CEO MOMO HEAD OFFICE,",Received,Paid,"₦ 20,000.000",20000.0,Purchase: ₦ 0.000,MR DARLINGTON IHEANACHO
23/01/2025,ALAKAHIA MOMO HEAD OFFICE CASH FLOAT OPENING BALANCE ACCT IN JAN.25 @SYSTEM UPDATE COURTSY CEO MOMO HEAD ACCT,ALAKAHIA,"CEO MOMO HEAD OFFICE,",Received,Paid,"₦ 1,000,000.000",1000000.0,Purchase: ₦ 0.000,MR DARLINGTON IHEANACHO
23/01/2025,UNIZ 1 MOMO HEAD OFFICE CASH FLOAT OPENING BALANCE ACCT IN JAN.25 @SYSTEM UPDATE COURTSY CEO MOMO HEAD ACCT,UNIZIK 1,"CEO MOMO HEAD OFFICE,",Received,Paid,"₦ 20,000.000",20000.0,Purchase: ₦ 0.000,MR DARLINGTON IHEANACHO
23/01/2025,ONITSHA 2 MOMO HEAD OFFICE CASH FLOAT OPENING BALANCE ACCT IN JAN.25 @SYSTEM UPDATE COURTSY CEO MOMO HEAD ACCT,ONITSHA 2,"CEO MOMO HEAD OFFICE,",Received,Paid,"₦ 500,000.000",500000.0,Purchase: ₦ 0.000,MR DARLINGTON IHEANACHO
23/01/2025,OWR 2 MOMO HEAD OFFICE OPENING CASH ACCT. BALANCE INHERITED FROM RACHEAL REGIME@SYSTEM UPDATE,OWERRI 2,"CEO MOMO HEAD OFFICE,",Received,Paid,"₦ 500,000.000",500000.0,Purchase: ₦ 0.000,MR DARLINGTON IHEANACHO
21/01/2025,MIFI CASH ORDER WITH ORDER NO:1020166,ONITSHA 2,"MTN HYCONNECT CONNECTION ONITSHA 2,",Received,Paid,"₦ 810,000.060",810000.06,Purchase: ₦ 0.000,NWOKORO BRIGHT
21/01/2025,SOA ORDER RECPT VTUVIA LOY.CODE C1019883,AWKA,"MTN HYCONNECT CONNECTION AWKA,",Received,Paid,"₦ 1,447,500.167",1447500.17,Purchase: ₦ 0.000,VINA NWOSU
17/01/2025,VTU RECEIVED VIA SOA WITH ORDER NO:TAS540479,OKIGWE HUB,"MTN HYCONNECT CONNECTION OKIGWE HUB,",Received,Paid,"₦ 506,625.058",506625.06,Purchase: ₦ 0.000,AMARA IHEJIRIKA
16/01/2025,SOA ORDER RECPT PPWB VIA SOA CODE C1019047,AWKA,"MTN HYCONNECT CONNECTION AWKA,",Received,Paid,"₦ 599,997.000",599997.0,Purchase: ₦ 0.000,VINA NWOSU
15/01/2025,LOGICAL CASH ORDER RECEIVED WITH ORDER NO: 1019204,AWKA,"MTN HYCONNECT CONNECTION AWKA,",Received,Paid,"₦ 5,018,042.200",5018042.2,Purchase: ₦ 0.000,VINA NWOSU
14/01/2025,MOMO SOF RECEPT JAN.25,ONITSHA 2,"MTN HYCONNECT CONNECTION ONITSHA 2,",Received,Paid,₦ 0.000,0.0,Purchase: ₦ 0.000,MR DARLINGTON IHEANACHO
14/01/2025,MOMO SOF RECEPT JAN.25,OKIGWE HUB,"MTN HYCONNECT CONNECTION OKIGWE HUB,",Received,Paid,₦ 0.000,0.0,Purchase: ₦ 0.000,MR DARLINGTON IHEANACHO
14/01/2025,MOMO SOF RECEPT JAN.25,AIRPORT,"MTN HYCONNECT CONNECTION AIRPORT,",Received,Paid,₦ 0.000,0.0,Purchase: ₦ 0.000,MR DARLINGTON IHEANACHO
14/01/2025,MOMO SOF RECEPT JAN.25,OWERRI 2,"MTN HYCONNECT CONNECTION OWERRI 2,",Received,Paid,₦ 0.000,0.0,Purchase: ₦ 0.000,MR DARLINGTON IHEANACHO
14/01/2025,MOMO SOF RECEPT JAN.25,AWKA,"MTN HYCONNECT CONNECTION AWKA,",Received,Paid,₦ 0.000,0.0,Purchase: ₦ 0.000,MR DARLINGTON IHEANACHO
14/01/2025,MOMO SOF RECEPT JAN.25,ALAKAHIA,"MTN HYCONNECT CONNECTION ALAKAHIA,",Received,Paid,₦ 0.000,0.0,Purchase: ₦ 0.000,MR DARLINGTON IHEANACHO
14/01/2025,LOGICAL CASH ORDER RECEIVED WITH ORDER NO: 1019203,ONITSHA 2,"MTN HYCONNECT CONNECTION ONITSHA 2,",Received,Paid,"₦ 6,272,519.010",6272519.01,Purchase: ₦ 0.000,NWOKORO BRIGHT
13/01/2025,LOGICAL SOA ORDER WITH ORDER NO: 1019200,AWKA,"MTN HYCONNECT CONNECTION AWKA,",Received,Paid,"₦ 482,493.000",482493.0,Purchase: ₦ 0.000,VINA NWOSU
13/01/2025,LOGICAL SOA ORDER WITH ORDER NO: 1018701,AIRPORT,"MTN HYCONNECT CONNECTION AIRPORT,",Received,Paid,"₦ 3,184,509.800",3184509.8,Purchase: ₦ 0.000,Mr Henry Johnson
07/01/2025,"SOA ORDER RECPT LOGICAL VIA LOY. CODE C1018417 @ #3,956,511.91",ONITSHA 2,"MTN HYCONNECT CONNECTION ONITSHA 2,",Received,Paid,"₦ 3,956,511.910",3956511.91,Purchase: ₦ 0.000,NWOKORO BRIGHT
06/01/2025,LOGICALS RECEIVED VIA CASH ORDER: 1018911,ALAKAHIA,"MTN HYCONNECT CONNECTION ALAKAHIA,",Received,Paid,"₦ 8,685,108.000",8685108.0,Purchase: ₦ 0.000,Mr JOHN AZUBUIKE
04/01/2025,CASH ORDER RECPT VTU TAS534251,OKIGWE HUB,"MTN HYCONNECT CONNECTION OKIGWE HUB,",Received,Paid,"₦ 723,750.083",723750.08,Purchase: ₦ 0.000,MR DARLINGTON IHEANACHO
04/01/2025,SOA ORDER RECPT VTU VIA LOY CODE C1018874,OWERRI 2,"MTN HYCONNECT CONNECTION OWERRI 2,",Received,Paid,"₦ 2,171,250.000",2171250.0,Purchase: ₦ 0.000,Mr Chimezie Unegbu
03/01/2025,SOA RECPT PPWB VIA LOY.CODE C1018514,ALAKAHIA,"MTN HYCONNECT CONNECTION ALAKAHIA,",Received,Paid,"₦ 599,997.000",599997.0,Purchase: ₦ 0.000,Mr JOHN AZUBUIKE
03/01/2025,SOA RECPT MIF VIA LOY.CODE C1018522,ALAKAHIA,"MTN HYCONNECT CONNECTION ALAKAHIA,",Received,Paid,"₦ 135,000.020",135000.02,Purchase: ₦ 0.000,Mr JOHN AZUBUIKE
03/01/2025,SOA ORDER RECPT CAT 4HYNET VIA LOY.CODE C1018518,ALAKAHIA,"MTN HYCONNECT CONNECTION ALAKAHIA,",Received,Paid,"₦ 323,999.982",323999.98,Purchase: ₦ 0.000,Mr JOHN AZUBUIKE
02/01/2025,CASH ORDER RECPT MIFI TAS524443,OKIGWE HUB,"MTN HYCONNECT CONNECTION OKIGWE HUB,",Received,Paid,"₦ 324,000.048",324000.05,Purchase: ₦ 0.000,MR DARLINGTON IHEANACHO
02/01/2025,AWKA /OZB COMM. CASH ORDER PHONE P702650,AWKA,"MTN HYCONNECT CONNECTION AWKA,",Received,Paid,"₦ 702,650.000",702650.0,Purchase: ₦ 0.000,MR DARLINGTON IHEANACHO
